CREATE TABLE IF NOT EXISTS "appGestionInventario_detalleentradamaterial" ("id" integer NOT NULL PRIMARY KEY AUTOINCREMENT, "detCantidad" integer NOT NULL, "detPrecioUnitario" integer NOT NULL, "detEstado" varchar(7) NOT NULL, "fechaHoraCreacion" datetime NOT NULL, "fechaHoraActualizacion" datetime NOT NULL, "detEntradaMaterial_id" bigint NOT NULL REFERENCES "appGestionInventario_entradamaterial" ("id") DEFERRABLE INITIALLY DEFERRED, "detMaterial_id" bigint NOT NULL REFERENCES "appGestionInventario_material" ("id") DEFERRABLE INITIALLY DEFERRED, "detUnidadMedida_id" bigint NOT NULL REFERENCES "appGestionInventario_unidadmedida" ("id") DEFERRABLE INITIALLY DEFERRED);
INSERT INTO "appGestionInventario_detalleentradamaterial" VALUES(1,1,5000,'Bueno','2023-10-05 18:23:14.523175','2023-10-05 18:23:14.523175',1,1,6);
CREATE UNIQUE INDEX "django_content_type_app_label_model_76bd3d3b_uniq" ON "django_content_type" ("app_label", "model");
CREATE UNIQUE INDEX "auth_group_permissions_group_id_permission_id_0cd325b0_uniq" ON "auth_group_permissions" ("group_id", "permission_id");
CREATE INDEX IF NOT EXISTS "auth_group_permissions_group_id_b120cbf9" ON "auth_group_permissions" ("group_id");
CREATE INDEX IF NOT EXISTS "auth_group_permissions_permission_id_84c5c92e" ON "auth_group_permissions" ("permission_id");
CREATE UNIQUE INDEX "auth_permission_content_type_id_codename_01ab375a_uniq" ON "auth_permission" ("content_type_id", "codename");
CREATE INDEX IF NOT EXISTS "auth_permission_content_type_id_2f476e4b" ON "auth_permission" ("content_type_id");
CREATE UNIQUE INDEX "appGestionInventario_user_groups_user_id_group_id_84dd0188_uniq" ON "appGestionInventario_user_groups" ("user_id", "group_id");
CREATE INDEX IF NOT EXISTS "appGestionInventario_user_groups_user_id_8cf06a1f" ON "appGestionInventario_user_groups" ("user_id");
CREATE INDEX IF NOT EXISTS "appGestionInventario_user_groups_group_id_b9a16238" ON "appGestionInventario_user_groups" ("group_id");
CREATE UNIQUE INDEX "appGestionInventario_user_user_permissions_user_id_permission_id_63157aae_uniq" ON "appGestionInventario_user_user_permissions" ("user_id", "permission_id");
CREATE INDEX IF NOT EXISTS "appGestionInventario_user_user_permissions_user_id_cb412637" ON "appGestionInventario_user_user_permissions" ("user_id");
CREATE INDEX IF NOT EXISTS "appGestionInventario_user_user_permissions_permission_id_37a3a8c5" ON "appGestionInventario_user_user_permissions" ("permission_id");
CREATE INDEX IF NOT EXISTS "appGestionInventario_solicitudelemento_solFicha_id_a0b27756" ON "appGestionInventario_solicitudelemento" ("solFicha_id");
CREATE INDEX IF NOT EXISTS "appGestionInventario_solicitudelemento_solUsuario_id_72e8054b" ON "appGestionInventario_solicitudelemento" ("solUsuario_id");
CREATE INDEX IF NOT EXISTS "appGestionInventario_salidadetallesolicitud_salDetalleSolicitud_id_3983d06e" ON "appGestionInventario_salidadetallesolicitud" ("salDetalleSolicitud_id");
CREATE INDEX IF NOT EXISTS "appGestionInventario_material_matElemento_id_a0483d69" ON "appGestionInventario_material" ("matElemento_id");
CREATE INDEX IF NOT EXISTS "appGestionInventario_mantenimento_manElemento_id_fe8cdab4" ON "appGestionInventario_mantenimento" ("manElemento_id");
CREATE INDEX IF NOT EXISTS "appGestionInventario_mantenimento_manUsuario_id_7ba78625" ON "appGestionInventario_mantenimento" ("manUsuario_id");
CREATE INDEX IF NOT EXISTS "appGestionInventario_devolutivo_devElemento_id_d3dd6c96" ON "appGestionInventario_devolutivo" ("devElemento_id");
CREATE INDEX IF NOT EXISTS "appGestionInventario_devolucionelemento_devSalida_id_1a1b85f5" ON "appGestionInventario_devolucionelemento" ("devSalida_id");
CREATE INDEX IF NOT EXISTS "appGestionInventario_devolucionelemento_devUsuario_id_2810a484" ON "appGestionInventario_devolucionelemento" ("devUsuario_id");
CREATE INDEX IF NOT EXISTS "appGestionInventario_detallesolicitud_detElemento_id_c20b8c3f" ON "appGestionInventario_detallesolicitud" ("detElemento_id");
CREATE INDEX IF NOT EXISTS "appGestionInventario_detallesolicitud_detSolicitud_id_e2077e95" ON "appGestionInventario_detallesolicitud" ("detSolicitud_id");
CREATE INDEX IF NOT EXISTS "appGestionInventario_detallesolicitud_detUnidadMedida_id_7fd9c67a" ON "appGestionInventario_detallesolicitud" ("detUnidadMedida_id");
CREATE INDEX IF NOT EXISTS "appGestionInventario_detalleentradamaterial_detEntradaMaterial_id_b849c174" ON "appGestionInventario_detalleentradamaterial" ("detEntradaMaterial_id");
CREATE INDEX IF NOT EXISTS "appGestionInventario_detalleentradamaterial_detMaterial_id_b7da5470" ON "appGestionInventario_detalleentradamaterial" ("detMaterial_id");
CREATE INDEX IF NOT EXISTS "appGestionInventario_detalleentradamaterial_detUnidadMedida_id_a2b5a430" ON "appGestionInventario_detalleentradamaterial" ("detUnidadMedida_id");
CREATE INDEX IF NOT EXISTS "django_admin_log_content_type_id_c4bce8eb" ON "django_admin_log" ("content_type_id");
CREATE INDEX IF NOT EXISTS "django_admin_log_user_id_c564eba6" ON "django_admin_log" ("user_id");
CREATE INDEX IF NOT EXISTS "appGestionInventario_entradamaterial_entProveedor_id_ebe3f53d" ON "appGestionInventario_entradamaterial" ("entProveedor_id");
CREATE INDEX IF NOT EXISTS "appGestionInventario_entradamaterial_entUsuarioRecibe_id_a1347ef1" ON "appGestionInventario_entradamaterial" ("entUsuarioRecibe_id");
CREATE INDEX IF NOT EXISTS "appGestionInventario_ubicacionfisica_ubiElemento_id_2d2d9b6e" ON "appGestionInventario_ubicacionfisica" ("ubiElemento_id");
CREATE INDEX IF NOT EXISTS "django_session_expire_date_a5c62663" ON "django_session" ("expire_date");
CREATE TABLE IF NOT EXISTS "appGestionInventario_detallesolicitud" ("id" integer NOT NULL PRIMARY KEY AUTOINCREMENT, "detCantidadRequerida" integer NOT NULL, "fechaHoraCreacion" datetime NOT NULL, "fechaHoraActualizacion" datetime NOT NULL, "detElemento_id" bigint NOT NULL REFERENCES "appGestionInventario_elemento" ("id") DEFERRABLE INITIALLY DEFERRED, "detSolicitud_id" bigint NOT NULL REFERENCES "appGestionInventario_solicitudelemento" ("id") DEFERRABLE INITIALLY DEFERRED, "detUnidadMedida_id" bigint NULL REFERENCES "appGestionInventario_unidadmedida" ("id") DEFERRABLE INITIALLY DEFERRED);
CREATE UNIQUE INDEX "django_content_type_app_label_model_76bd3d3b_uniq" ON "django_content_type" ("app_label", "model");
CREATE UNIQUE INDEX "auth_group_permissions_group_id_permission_id_0cd325b0_uniq" ON "auth_group_permissions" ("group_id", "permission_id");
CREATE INDEX IF NOT EXISTS "auth_group_permissions_group_id_b120cbf9" ON "auth_group_permissions" ("group_id");
CREATE INDEX IF NOT EXISTS "auth_group_permissions_permission_id_84c5c92e" ON "auth_group_permissions" ("permission_id");
CREATE UNIQUE INDEX "auth_permission_content_type_id_codename_01ab375a_uniq" ON "auth_permission" ("content_type_id", "codename");
CREATE INDEX IF NOT EXISTS "auth_permission_content_type_id_2f476e4b" ON "auth_permission" ("content_type_id");
CREATE UNIQUE INDEX "appGestionInventario_user_groups_user_id_group_id_84dd0188_uniq" ON "appGestionInventario_user_groups" ("user_id", "group_id");
CREATE INDEX IF NOT EXISTS "appGestionInventario_user_groups_user_id_8cf06a1f" ON "appGestionInventario_user_groups" ("user_id");
CREATE INDEX IF NOT EXISTS "appGestionInventario_user_groups_group_id_b9a16238" ON "appGestionInventario_user_groups" ("group_id");
CREATE UNIQUE INDEX "appGestionInventario_user_user_permissions_user_id_permission_id_63157aae_uniq" ON "appGestionInventario_user_user_permissions" ("user_id", "permission_id");
CREATE INDEX IF NOT EXISTS "appGestionInventario_user_user_permissions_user_id_cb412637" ON "appGestionInventario_user_user_permissions" ("user_id");
CREATE INDEX IF NOT EXISTS "appGestionInventario_user_user_permissions_permission_id_37a3a8c5" ON "appGestionInventario_user_user_permissions" ("permission_id");
CREATE INDEX IF NOT EXISTS "appGestionInventario_solicitudelemento_solFicha_id_a0b27756" ON "appGestionInventario_solicitudelemento" ("solFicha_id");
CREATE INDEX IF NOT EXISTS "appGestionInventario_solicitudelemento_solUsuario_id_72e8054b" ON "appGestionInventario_solicitudelemento" ("solUsuario_id");
CREATE INDEX IF NOT EXISTS "appGestionInventario_salidadetallesolicitud_salDetalleSolicitud_id_3983d06e" ON "appGestionInventario_salidadetallesolicitud" ("salDetalleSolicitud_id");
CREATE INDEX IF NOT EXISTS "appGestionInventario_material_matElemento_id_a0483d69" ON "appGestionInventario_material" ("matElemento_id");
CREATE INDEX IF NOT EXISTS "appGestionInventario_mantenimento_manElemento_id_fe8cdab4" ON "appGestionInventario_mantenimento" ("manElemento_id");
CREATE INDEX IF NOT EXISTS "appGestionInventario_mantenimento_manUsuario_id_7ba78625" ON "appGestionInventario_mantenimento" ("manUsuario_id");
CREATE INDEX IF NOT EXISTS "appGestionInventario_devolutivo_devElemento_id_d3dd6c96" ON "appGestionInventario_devolutivo" ("devElemento_id");
CREATE INDEX IF NOT EXISTS "appGestionInventario_devolucionelemento_devSalida_id_1a1b85f5" ON "appGestionInventario_devolucionelemento" ("devSalida_id");
CREATE INDEX IF NOT EXISTS "appGestionInventario_devolucionelemento_devUsuario_id_2810a484" ON "appGestionInventario_devolucionelemento" ("devUsuario_id");
CREATE INDEX IF NOT EXISTS "appGestionInventario_detallesolicitud_detElemento_id_c20b8c3f" ON "appGestionInventario_detallesolicitud" ("detElemento_id");
CREATE INDEX IF NOT EXISTS "appGestionInventario_detallesolicitud_detSolicitud_id_e2077e95" ON "appGestionInventario_detallesolicitud" ("detSolicitud_id");
CREATE INDEX IF NOT EXISTS "appGestionInventario_detallesolicitud_detUnidadMedida_id_7fd9c67a" ON "appGestionInventario_detallesolicitud" ("detUnidadMedida_id");
CREATE INDEX IF NOT EXISTS "appGestionInventario_detalleentradamaterial_detEntradaMaterial_id_b849c174" ON "appGestionInventario_detalleentradamaterial" ("detEntradaMaterial_id");
CREATE INDEX IF NOT EXISTS "appGestionInventario_detalleentradamaterial_detMaterial_id_b7da5470" ON "appGestionInventario_detalleentradamaterial" ("detMaterial_id");
CREATE INDEX IF NOT EXISTS "appGestionInventario_detalleentradamaterial_detUnidadMedida_id_a2b5a430" ON "appGestionInventario_detalleentradamaterial" ("detUnidadMedida_id");
CREATE INDEX IF NOT EXISTS "django_admin_log_content_type_id_c4bce8eb" ON "django_admin_log" ("content_type_id");
CREATE INDEX IF NOT EXISTS "django_admin_log_user_id_c564eba6" ON "django_admin_log" ("user_id");
CREATE INDEX IF NOT EXISTS "appGestionInventario_entradamaterial_entProveedor_id_ebe3f53d" ON "appGestionInventario_entradamaterial" ("entProveedor_id");
CREATE INDEX IF NOT EXISTS "appGestionInventario_entradamaterial_entUsuarioRecibe_id_a1347ef1" ON "appGestionInventario_entradamaterial" ("entUsuarioRecibe_id");
CREATE INDEX IF NOT EXISTS "appGestionInventario_ubicacionfisica_ubiElemento_id_2d2d9b6e" ON "appGestionInventario_ubicacionfisica" ("ubiElemento_id");
CREATE INDEX IF NOT EXISTS "django_session_expire_date_a5c62663" ON "django_session" ("expire_date");
CREATE TABLE IF NOT EXISTS "appGestionInventario_devolucionelemento" ("id" integer NOT NULL PRIMARY KEY AUTOINCREMENT, "devCantidadDevolucion" integer NOT NULL, "devObservaciones" text NULL, "fechaHoraCreacion" datetime NOT NULL, "fechaHoraActualizacion" datetime NOT NULL, "devSalida_id" bigint NOT NULL REFERENCES "appGestionInventario_salidadetallesolicitud" ("id") DEFERRABLE INITIALLY DEFERRED, "devUsuario_id" bigint NOT NULL REFERENCES "appGestionInventario_user" ("id") DEFERRABLE INITIALLY DEFERRED);
CREATE UNIQUE INDEX "django_content_type_app_label_model_76bd3d3b_uniq" ON "django_content_type" ("app_label", "model");
CREATE UNIQUE INDEX "auth_group_permissions_group_id_permission_id_0cd325b0_uniq" ON "auth_group_permissions" ("group_id", "permission_id");
CREATE INDEX IF NOT EXISTS "auth_group_permissions_group_id_b120cbf9" ON "auth_group_permissions" ("group_id");
CREATE INDEX IF NOT EXISTS "auth_group_permissions_permission_id_84c5c92e" ON "auth_group_permissions" ("permission_id");
CREATE UNIQUE INDEX "auth_permission_content_type_id_codename_01ab375a_uniq" ON "auth_permission" ("content_type_id", "codename");
CREATE INDEX IF NOT EXISTS "auth_permission_content_type_id_2f476e4b" ON "auth_permission" ("content_type_id");
CREATE UNIQUE INDEX "appGestionInventario_user_groups_user_id_group_id_84dd0188_uniq" ON "appGestionInventario_user_groups" ("user_id", "group_id");
CREATE INDEX IF NOT EXISTS "appGestionInventario_user_groups_user_id_8cf06a1f" ON "appGestionInventario_user_groups" ("user_id");
CREATE INDEX IF NOT EXISTS "appGestionInventario_user_groups_group_id_b9a16238" ON "appGestionInventario_user_groups" ("group_id");
CREATE UNIQUE INDEX "appGestionInventario_user_user_permissions_user_id_permission_id_63157aae_uniq" ON "appGestionInventario_user_user_permissions" ("user_id", "permission_id");
CREATE INDEX IF NOT EXISTS "appGestionInventario_user_user_permissions_user_id_cb412637" ON "appGestionInventario_user_user_permissions" ("user_id");
CREATE INDEX IF NOT EXISTS "appGestionInventario_user_user_permissions_permission_id_37a3a8c5" ON "appGestionInventario_user_user_permissions" ("permission_id");
CREATE INDEX IF NOT EXISTS "appGestionInventario_solicitudelemento_solFicha_id_a0b27756" ON "appGestionInventario_solicitudelemento" ("solFicha_id");
CREATE INDEX IF NOT EXISTS "appGestionInventario_solicitudelemento_solUsuario_id_72e8054b" ON "appGestionInventario_solicitudelemento" ("solUsuario_id");
CREATE INDEX IF NOT EXISTS "appGestionInventario_salidadetallesolicitud_salDetalleSolicitud_id_3983d06e" ON "appGestionInventario_salidadetallesolicitud" ("salDetalleSolicitud_id");
CREATE INDEX IF NOT EXISTS "appGestionInventario_material_matElemento_id_a0483d69" ON "appGestionInventario_material" ("matElemento_id");
CREATE INDEX IF NOT EXISTS "appGestionInventario_mantenimento_manElemento_id_fe8cdab4" ON "appGestionInventario_mantenimento" ("manElemento_id");
CREATE INDEX IF NOT EXISTS "appGestionInventario_mantenimento_manUsuario_id_7ba78625" ON "appGestionInventario_mantenimento" ("manUsuario_id");
CREATE INDEX IF NOT EXISTS "appGestionInventario_devolutivo_devElemento_id_d3dd6c96" ON "appGestionInventario_devolutivo" ("devElemento_id");
CREATE INDEX IF NOT EXISTS "appGestionInventario_devolucionelemento_devSalida_id_1a1b85f5" ON "appGestionInventario_devolucionelemento" ("devSalida_id");
CREATE INDEX IF NOT EXISTS "appGestionInventario_devolucionelemento_devUsuario_id_2810a484" ON "appGestionInventario_devolucionelemento" ("devUsuario_id");
CREATE INDEX IF NOT EXISTS "appGestionInventario_detallesolicitud_detElemento_id_c20b8c3f" ON "appGestionInventario_detallesolicitud" ("detElemento_id");
CREATE INDEX IF NOT EXISTS "appGestionInventario_detallesolicitud_detSolicitud_id_e2077e95" ON "appGestionInventario_detallesolicitud" ("detSolicitud_id");
CREATE INDEX IF NOT EXISTS "appGestionInventario_detallesolicitud_detUnidadMedida_id_7fd9c67a" ON "appGestionInventario_detallesolicitud" ("detUnidadMedida_id");
CREATE INDEX IF NOT EXISTS "appGestionInventario_detalleentradamaterial_detEntradaMaterial_id_b849c174" ON "appGestionInventario_detalleentradamaterial" ("detEntradaMaterial_id");
CREATE INDEX IF NOT EXISTS "appGestionInventario_detalleentradamaterial_detMaterial_id_b7da5470" ON "appGestionInventario_detalleentradamaterial" ("detMaterial_id");
CREATE INDEX IF NOT EXISTS "appGestionInventario_detalleentradamaterial_detUnidadMedida_id_a2b5a430" ON "appGestionInventario_detalleentradamaterial" ("detUnidadMedida_id");
CREATE INDEX IF NOT EXISTS "django_admin_log_content_type_id_c4bce8eb" ON "django_admin_log" ("content_type_id");
CREATE INDEX IF NOT EXISTS "django_admin_log_user_id_c564eba6" ON "django_admin_log" ("user_id");
CREATE INDEX IF NOT EXISTS "appGestionInventario_entradamaterial_entProveedor_id_ebe3f53d" ON "appGestionInventario_entradamaterial" ("entProveedor_id");
CREATE INDEX IF NOT EXISTS "appGestionInventario_entradamaterial_entUsuarioRecibe_id_a1347ef1" ON "appGestionInventario_entradamaterial" ("entUsuarioRecibe_id");
CREATE INDEX IF NOT EXISTS "appGestionInventario_ubicacionfisica_ubiElemento_id_2d2d9b6e" ON "appGestionInventario_ubicacionfisica" ("ubiElemento_id");
CREATE INDEX IF NOT EXISTS "django_session_expire_date_a5c62663" ON "django_session" ("expire_date");
CREATE TABLE IF NOT EXISTS "appGestionInventario_devolutivo" ("id" integer NOT NULL PRIMARY KEY AUTOINCREMENT, "devPlacaSena" varchar(45) NOT NULL UNIQUE, "devSerial" varchar(45) NULL, "devDescripcion" text NOT NULL, "devMarca" varchar(50) NULL, "devFechaIngresoSENA" date NOT NULL, "devValor" decimal NOT NULL, "devFoto" varchar(100) NULL, "fechaHoraCreacion" datetime NOT NULL, "fechaHoraActualizacion" datetime NOT NULL, "devElemento_id" bigint NOT NULL REFERENCES "appGestionInventario_elemento" ("id") DEFERRABLE INITIALLY DEFERRED);
CREATE UNIQUE INDEX "django_content_type_app_label_model_76bd3d3b_uniq" ON "django_content_type" ("app_label", "model");
CREATE UNIQUE INDEX "auth_group_permissions_group_id_permission_id_0cd325b0_uniq" ON "auth_group_permissions" ("group_id", "permission_id");
CREATE INDEX IF NOT EXISTS "auth_group_permissions_group_id_b120cbf9" ON "auth_group_permissions" ("group_id");
CREATE INDEX IF NOT EXISTS "auth_group_permissions_permission_id_84c5c92e" ON "auth_group_permissions" ("permission_id");
CREATE UNIQUE INDEX "auth_permission_content_type_id_codename_01ab375a_uniq" ON "auth_permission" ("content_type_id", "codename");
CREATE INDEX IF NOT EXISTS "auth_permission_content_type_id_2f476e4b" ON "auth_permission" ("content_type_id");
CREATE UNIQUE INDEX "appGestionInventario_user_groups_user_id_group_id_84dd0188_uniq" ON "appGestionInventario_user_groups" ("user_id", "group_id");
CREATE INDEX IF NOT EXISTS "appGestionInventario_user_groups_user_id_8cf06a1f" ON "appGestionInventario_user_groups" ("user_id");
CREATE INDEX IF NOT EXISTS "appGestionInventario_user_groups_group_id_b9a16238" ON "appGestionInventario_user_groups" ("group_id");
CREATE UNIQUE INDEX "appGestionInventario_user_user_permissions_user_id_permission_id_63157aae_uniq" ON "appGestionInventario_user_user_permissions" ("user_id", "permission_id");
CREATE INDEX IF NOT EXISTS "appGestionInventario_user_user_permissions_user_id_cb412637" ON "appGestionInventario_user_user_permissions" ("user_id");
CREATE INDEX IF NOT EXISTS "appGestionInventario_user_user_permissions_permission_id_37a3a8c5" ON "appGestionInventario_user_user_permissions" ("permission_id");
CREATE INDEX IF NOT EXISTS "appGestionInventario_solicitudelemento_solFicha_id_a0b27756" ON "appGestionInventario_solicitudelemento" ("solFicha_id");
CREATE INDEX IF NOT EXISTS "appGestionInventario_solicitudelemento_solUsuario_id_72e8054b" ON "appGestionInventario_solicitudelemento" ("solUsuario_id");
CREATE INDEX IF NOT EXISTS "appGestionInventario_salidadetallesolicitud_salDetalleSolicitud_id_3983d06e" ON "appGestionInventario_salidadetallesolicitud" ("salDetalleSolicitud_id");
CREATE INDEX IF NOT EXISTS "appGestionInventario_material_matElemento_id_a0483d69" ON "appGestionInventario_material" ("matElemento_id");
CREATE INDEX IF NOT EXISTS "appGestionInventario_mantenimento_manElemento_id_fe8cdab4" ON "appGestionInventario_mantenimento" ("manElemento_id");
CREATE INDEX IF NOT EXISTS "appGestionInventario_mantenimento_manUsuario_id_7ba78625" ON "appGestionInventario_mantenimento" ("manUsuario_id");
CREATE INDEX IF NOT EXISTS "appGestionInventario_devolutivo_devElemento_id_d3dd6c96" ON "appGestionInventario_devolutivo" ("devElemento_id");
CREATE INDEX IF NOT EXISTS "appGestionInventario_devolucionelemento_devSalida_id_1a1b85f5" ON "appGestionInventario_devolucionelemento" ("devSalida_id");
CREATE INDEX IF NOT EXISTS "appGestionInventario_devolucionelemento_devUsuario_id_2810a484" ON "appGestionInventario_devolucionelemento" ("devUsuario_id");
CREATE INDEX IF NOT EXISTS "appGestionInventario_detallesolicitud_detElemento_id_c20b8c3f" ON "appGestionInventario_detallesolicitud" ("detElemento_id");
CREATE INDEX IF NOT EXISTS "appGestionInventario_detallesolicitud_detSolicitud_id_e2077e95" ON "appGestionInventario_detallesolicitud" ("detSolicitud_id");
CREATE INDEX IF NOT EXISTS "appGestionInventario_detallesolicitud_detUnidadMedida_id_7fd9c67a" ON "appGestionInventario_detallesolicitud" ("detUnidadMedida_id");
CREATE INDEX IF NOT EXISTS "appGestionInventario_detalleentradamaterial_detEntradaMaterial_id_b849c174" ON "appGestionInventario_detalleentradamaterial" ("detEntradaMaterial_id");
CREATE INDEX IF NOT EXISTS "appGestionInventario_detalleentradamaterial_detMaterial_id_b7da5470" ON "appGestionInventario_detalleentradamaterial" ("detMaterial_id");
CREATE INDEX IF NOT EXISTS "appGestionInventario_detalleentradamaterial_detUnidadMedida_id_a2b5a430" ON "appGestionInventario_detalleentradamaterial" ("detUnidadMedida_id");
CREATE INDEX IF NOT EXISTS "django_admin_log_content_type_id_c4bce8eb" ON "django_admin_log" ("content_type_id");
CREATE INDEX IF NOT EXISTS "django_admin_log_user_id_c564eba6" ON "django_admin_log" ("user_id");
CREATE INDEX IF NOT EXISTS "appGestionInventario_entradamaterial_entProveedor_id_ebe3f53d" ON "appGestionInventario_entradamaterial" ("entProveedor_id");
CREATE INDEX IF NOT EXISTS "appGestionInventario_entradamaterial_entUsuarioRecibe_id_a1347ef1" ON "appGestionInventario_entradamaterial" ("entUsuarioRecibe_id");
CREATE INDEX IF NOT EXISTS "appGestionInventario_ubicacionfisica_ubiElemento_id_2d2d9b6e" ON "appGestionInventario_ubicacionfisica" ("ubiElemento_id");
CREATE INDEX IF NOT EXISTS "django_session_expire_date_a5c62663" ON "django_session" ("expire_date");
CREATE TABLE IF NOT EXISTS "appGestionInventario_elemento" ("id" integer NOT NULL PRIMARY KEY AUTOINCREMENT, "eleCodigo" varchar(15) NOT NULL UNIQUE, "eleNombre" varchar(50) NOT NULL, "eleTipo" varchar(3) NOT NULL, "eleEstado" varchar(10) NOT NULL, "fechaHoraCreacion" datetime NOT NULL, "fechaHoraActualizacion" datetime NOT NULL);
INSERT INTO "appGestionInventario_elemento" VALUES(1,'MAT00001','Puntillas','MAT','Bueno','2023-10-05 18:21:36.334067','2023-10-05 18:21:36.334067');
CREATE UNIQUE INDEX "django_content_type_app_label_model_76bd3d3b_uniq" ON "django_content_type" ("app_label", "model");
CREATE UNIQUE INDEX "auth_group_permissions_group_id_permission_id_0cd325b0_uniq" ON "auth_group_permissions" ("group_id", "permission_id");
CREATE INDEX IF NOT EXISTS "auth_group_permissions_group_id_b120cbf9" ON "auth_group_permissions" ("group_id");
CREATE INDEX IF NOT EXISTS "auth_group_permissions_permission_id_84c5c92e" ON "auth_group_permissions" ("permission_id");
CREATE UNIQUE INDEX "auth_permission_content_type_id_codename_01ab375a_uniq" ON "auth_permission" ("content_type_id", "codename");
CREATE INDEX IF NOT EXISTS "auth_permission_content_type_id_2f476e4b" ON "auth_permission" ("content_type_id");
CREATE UNIQUE INDEX "appGestionInventario_user_groups_user_id_group_id_84dd0188_uniq" ON "appGestionInventario_user_groups" ("user_id", "group_id");
CREATE INDEX IF NOT EXISTS "appGestionInventario_user_groups_user_id_8cf06a1f" ON "appGestionInventario_user_groups" ("user_id");
CREATE INDEX IF NOT EXISTS "appGestionInventario_user_groups_group_id_b9a16238" ON "appGestionInventario_user_groups" ("group_id");
CREATE UNIQUE INDEX "appGestionInventario_user_user_permissions_user_id_permission_id_63157aae_uniq" ON "appGestionInventario_user_user_permissions" ("user_id", "permission_id");
CREATE INDEX IF NOT EXISTS "appGestionInventario_user_user_permissions_user_id_cb412637" ON "appGestionInventario_user_user_permissions" ("user_id");
CREATE INDEX IF NOT EXISTS "appGestionInventario_user_user_permissions_permission_id_37a3a8c5" ON "appGestionInventario_user_user_permissions" ("permission_id");
CREATE INDEX IF NOT EXISTS "appGestionInventario_solicitudelemento_solFicha_id_a0b27756" ON "appGestionInventario_solicitudelemento" ("solFicha_id");
CREATE INDEX IF NOT EXISTS "appGestionInventario_solicitudelemento_solUsuario_id_72e8054b" ON "appGestionInventario_solicitudelemento" ("solUsuario_id");
CREATE INDEX IF NOT EXISTS "appGestionInventario_salidadetallesolicitud_salDetalleSolicitud_id_3983d06e" ON "appGestionInventario_salidadetallesolicitud" ("salDetalleSolicitud_id");
CREATE INDEX IF NOT EXISTS "appGestionInventario_material_matElemento_id_a0483d69" ON "appGestionInventario_material" ("matElemento_id");
CREATE INDEX IF NOT EXISTS "appGestionInventario_mantenimento_manElemento_id_fe8cdab4" ON "appGestionInventario_mantenimento" ("manElemento_id");
CREATE INDEX IF NOT EXISTS "appGestionInventario_mantenimento_manUsuario_id_7ba78625" ON "appGestionInventario_mantenimento" ("manUsuario_id");
CREATE INDEX IF NOT EXISTS "appGestionInventario_devolutivo_devElemento_id_d3dd6c96" ON "appGestionInventario_devolutivo" ("devElemento_id");
CREATE INDEX IF NOT EXISTS "appGestionInventario_devolucionelemento_devSalida_id_1a1b85f5" ON "appGestionInventario_devolucionelemento" ("devSalida_id");
CREATE INDEX IF NOT EXISTS "appGestionInventario_devolucionelemento_devUsuario_id_2810a484" ON "appGestionInventario_devolucionelemento" ("devUsuario_id");
CREATE INDEX IF NOT EXISTS "appGestionInventario_detallesolicitud_detElemento_id_c20b8c3f" ON "appGestionInventario_detallesolicitud" ("detElemento_id");
CREATE INDEX IF NOT EXISTS "appGestionInventario_detallesolicitud_detSolicitud_id_e2077e95" ON "appGestionInventario_detallesolicitud" ("detSolicitud_id");
CREATE INDEX IF NOT EXISTS "appGestionInventario_detallesolicitud_detUnidadMedida_id_7fd9c67a" ON "appGestionInventario_detallesolicitud" ("detUnidadMedida_id");
CREATE INDEX IF NOT EXISTS "appGestionInventario_detalleentradamaterial_detEntradaMaterial_id_b849c174" ON "appGestionInventario_detalleentradamaterial" ("detEntradaMaterial_id");
CREATE INDEX IF NOT EXISTS "appGestionInventario_detalleentradamaterial_detMaterial_id_b7da5470" ON "appGestionInventario_detalleentradamaterial" ("detMaterial_id");
CREATE INDEX IF NOT EXISTS "appGestionInventario_detalleentradamaterial_detUnidadMedida_id_a2b5a430" ON "appGestionInventario_detalleentradamaterial" ("detUnidadMedida_id");
CREATE INDEX IF NOT EXISTS "django_admin_log_content_type_id_c4bce8eb" ON "django_admin_log" ("content_type_id");
CREATE INDEX IF NOT EXISTS "django_admin_log_user_id_c564eba6" ON "django_admin_log" ("user_id");
CREATE INDEX IF NOT EXISTS "appGestionInventario_entradamaterial_entProveedor_id_ebe3f53d" ON "appGestionInventario_entradamaterial" ("entProveedor_id");
CREATE INDEX IF NOT EXISTS "appGestionInventario_entradamaterial_entUsuarioRecibe_id_a1347ef1" ON "appGestionInventario_entradamaterial" ("entUsuarioRecibe_id");
CREATE INDEX IF NOT EXISTS "appGestionInventario_ubicacionfisica_ubiElemento_id_2d2d9b6e" ON "appGestionInventario_ubicacionfisica" ("ubiElemento_id");
CREATE INDEX IF NOT EXISTS "django_session_expire_date_a5c62663" ON "django_session" ("expire_date");
CREATE TABLE IF NOT EXISTS "appGestionInventario_entradamaterial" ("id" integer NOT NULL PRIMARY KEY AUTOINCREMENT, "entNumeroFactura" varchar(15) NOT NULL, "entEntregadoPor" varchar(100) NOT NULL, "entObservaciones" text NULL, "fechaHoraCreacion" datetime NOT NULL, "fechaHoraActualizacion" datetime NOT NULL, "entProveedor_id" bigint NOT NULL REFERENCES "appGestionInventario_proveedor" ("id") DEFERRABLE INITIALLY DEFERRED, "entUsuarioRecibe_id" bigint NOT NULL REFERENCES "appGestionInventario_user" ("id") DEFERRABLE INITIALLY DEFERRED, "entFechaHora" datetime NOT NULL);
INSERT INTO "appGestionInventario_entradamaterial" VALUES(1,'1','SENA','','2023-10-05 18:23:14.522155','2023-10-05 18:23:14.522155',1,2,'2023-10-05 18:23:00');
CREATE UNIQUE INDEX "django_content_type_app_label_model_76bd3d3b_uniq" ON "django_content_type" ("app_label", "model");
CREATE UNIQUE INDEX "auth_group_permissions_group_id_permission_id_0cd325b0_uniq" ON "auth_group_permissions" ("group_id", "permission_id");
CREATE INDEX IF NOT EXISTS "auth_group_permissions_group_id_b120cbf9" ON "auth_group_permissions" ("group_id");
CREATE INDEX IF NOT EXISTS "auth_group_permissions_permission_id_84c5c92e" ON "auth_group_permissions" ("permission_id");
CREATE UNIQUE INDEX "auth_permission_content_type_id_codename_01ab375a_uniq" ON "auth_permission" ("content_type_id", "codename");
CREATE INDEX IF NOT EXISTS "auth_permission_content_type_id_2f476e4b" ON "auth_permission" ("content_type_id");
CREATE UNIQUE INDEX "appGestionInventario_user_groups_user_id_group_id_84dd0188_uniq" ON "appGestionInventario_user_groups" ("user_id", "group_id");
CREATE INDEX IF NOT EXISTS "appGestionInventario_user_groups_user_id_8cf06a1f" ON "appGestionInventario_user_groups" ("user_id");
CREATE INDEX IF NOT EXISTS "appGestionInventario_user_groups_group_id_b9a16238" ON "appGestionInventario_user_groups" ("group_id");
CREATE UNIQUE INDEX "appGestionInventario_user_user_permissions_user_id_permission_id_63157aae_uniq" ON "appGestionInventario_user_user_permissions" ("user_id", "permission_id");
CREATE INDEX IF NOT EXISTS "appGestionInventario_user_user_permissions_user_id_cb412637" ON "appGestionInventario_user_user_permissions" ("user_id");
CREATE INDEX IF NOT EXISTS "appGestionInventario_user_user_permissions_permission_id_37a3a8c5" ON "appGestionInventario_user_user_permissions" ("permission_id");
CREATE INDEX IF NOT EXISTS "appGestionInventario_solicitudelemento_solFicha_id_a0b27756" ON "appGestionInventario_solicitudelemento" ("solFicha_id");
CREATE INDEX IF NOT EXISTS "appGestionInventario_solicitudelemento_solUsuario_id_72e8054b" ON "appGestionInventario_solicitudelemento" ("solUsuario_id");
CREATE INDEX IF NOT EXISTS "appGestionInventario_salidadetallesolicitud_salDetalleSolicitud_id_3983d06e" ON "appGestionInventario_salidadetallesolicitud" ("salDetalleSolicitud_id");
CREATE INDEX IF NOT EXISTS "appGestionInventario_material_matElemento_id_a0483d69" ON "appGestionInventario_material" ("matElemento_id");
CREATE INDEX IF NOT EXISTS "appGestionInventario_mantenimento_manElemento_id_fe8cdab4" ON "appGestionInventario_mantenimento" ("manElemento_id");
CREATE INDEX IF NOT EXISTS "appGestionInventario_mantenimento_manUsuario_id_7ba78625" ON "appGestionInventario_mantenimento" ("manUsuario_id");
CREATE INDEX IF NOT EXISTS "appGestionInventario_devolutivo_devElemento_id_d3dd6c96" ON "appGestionInventario_devolutivo" ("devElemento_id");
CREATE INDEX IF NOT EXISTS "appGestionInventario_devolucionelemento_devSalida_id_1a1b85f5" ON "appGestionInventario_devolucionelemento" ("devSalida_id");
CREATE INDEX IF NOT EXISTS "appGestionInventario_devolucionelemento_devUsuario_id_2810a484" ON "appGestionInventario_devolucionelemento" ("devUsuario_id");
CREATE INDEX IF NOT EXISTS "appGestionInventario_detallesolicitud_detElemento_id_c20b8c3f" ON "appGestionInventario_detallesolicitud" ("detElemento_id");
CREATE INDEX IF NOT EXISTS "appGestionInventario_detallesolicitud_detSolicitud_id_e2077e95" ON "appGestionInventario_detallesolicitud" ("detSolicitud_id");
CREATE INDEX IF NOT EXISTS "appGestionInventario_detallesolicitud_detUnidadMedida_id_7fd9c67a" ON "appGestionInventario_detallesolicitud" ("detUnidadMedida_id");
CREATE INDEX IF NOT EXISTS "appGestionInventario_detalleentradamaterial_detEntradaMaterial_id_b849c174" ON "appGestionInventario_detalleentradamaterial" ("detEntradaMaterial_id");
CREATE INDEX IF NOT EXISTS "appGestionInventario_detalleentradamaterial_detMaterial_id_b7da5470" ON "appGestionInventario_detalleentradamaterial" ("detMaterial_id");
CREATE INDEX IF NOT EXISTS "appGestionInventario_detalleentradamaterial_detUnidadMedida_id_a2b5a430" ON "appGestionInventario_detalleentradamaterial" ("detUnidadMedida_id");
CREATE INDEX IF NOT EXISTS "django_admin_log_content_type_id_c4bce8eb" ON "django_admin_log" ("content_type_id");
CREATE INDEX IF NOT EXISTS "django_admin_log_user_id_c564eba6" ON "django_admin_log" ("user_id");
CREATE INDEX IF NOT EXISTS "appGestionInventario_entradamaterial_entProveedor_id_ebe3f53d" ON "appGestionInventario_entradamaterial" ("entProveedor_id");
CREATE INDEX IF NOT EXISTS "appGestionInventario_entradamaterial_entUsuarioRecibe_id_a1347ef1" ON "appGestionInventario_entradamaterial" ("entUsuarioRecibe_id");
CREATE INDEX IF NOT EXISTS "appGestionInventario_ubicacionfisica_ubiElemento_id_2d2d9b6e" ON "appGestionInventario_ubicacionfisica" ("ubiElemento_id");
CREATE INDEX IF NOT EXISTS "django_session_expire_date_a5c62663" ON "django_session" ("expire_date");
CREATE TABLE IF NOT EXISTS "appGestionInventario_ficha" ("id" integer NOT NULL PRIMARY KEY AUTOINCREMENT, "ficCodigo" integer NOT NULL UNIQUE, "ficNombre" varchar(100) NOT NULL, "fechaHoraCreacion" datetime NOT NULL, "fechaHoraActualizacion" datetime NOT NULL);
CREATE UNIQUE INDEX "django_content_type_app_label_model_76bd3d3b_uniq" ON "django_content_type" ("app_label", "model");
CREATE UNIQUE INDEX "auth_group_permissions_group_id_permission_id_0cd325b0_uniq" ON "auth_group_permissions" ("group_id", "permission_id");
CREATE INDEX IF NOT EXISTS "auth_group_permissions_group_id_b120cbf9" ON "auth_group_permissions" ("group_id");
CREATE INDEX IF NOT EXISTS "auth_group_permissions_permission_id_84c5c92e" ON "auth_group_permissions" ("permission_id");
CREATE UNIQUE INDEX "auth_permission_content_type_id_codename_01ab375a_uniq" ON "auth_permission" ("content_type_id", "codename");
CREATE INDEX IF NOT EXISTS "auth_permission_content_type_id_2f476e4b" ON "auth_permission" ("content_type_id");
CREATE UNIQUE INDEX "appGestionInventario_user_groups_user_id_group_id_84dd0188_uniq" ON "appGestionInventario_user_groups" ("user_id", "group_id");
CREATE INDEX IF NOT EXISTS "appGestionInventario_user_groups_user_id_8cf06a1f" ON "appGestionInventario_user_groups" ("user_id");
CREATE INDEX IF NOT EXISTS "appGestionInventario_user_groups_group_id_b9a16238" ON "appGestionInventario_user_groups" ("group_id");
CREATE UNIQUE INDEX "appGestionInventario_user_user_permissions_user_id_permission_id_63157aae_uniq" ON "appGestionInventario_user_user_permissions" ("user_id", "permission_id");
CREATE INDEX IF NOT EXISTS "appGestionInventario_user_user_permissions_user_id_cb412637" ON "appGestionInventario_user_user_permissions" ("user_id");
CREATE INDEX IF NOT EXISTS "appGestionInventario_user_user_permissions_permission_id_37a3a8c5" ON "appGestionInventario_user_user_permissions" ("permission_id");
CREATE INDEX IF NOT EXISTS "appGestionInventario_solicitudelemento_solFicha_id_a0b27756" ON "appGestionInventario_solicitudelemento" ("solFicha_id");
CREATE INDEX IF NOT EXISTS "appGestionInventario_solicitudelemento_solUsuario_id_72e8054b" ON "appGestionInventario_solicitudelemento" ("solUsuario_id");
CREATE INDEX IF NOT EXISTS "appGestionInventario_salidadetallesolicitud_salDetalleSolicitud_id_3983d06e" ON "appGestionInventario_salidadetallesolicitud" ("salDetalleSolicitud_id");
CREATE INDEX IF NOT EXISTS "appGestionInventario_material_matElemento_id_a0483d69" ON "appGestionInventario_material" ("matElemento_id");
CREATE INDEX IF NOT EXISTS "appGestionInventario_mantenimento_manElemento_id_fe8cdab4" ON "appGestionInventario_mantenimento" ("manElemento_id");
CREATE INDEX IF NOT EXISTS "appGestionInventario_mantenimento_manUsuario_id_7ba78625" ON "appGestionInventario_mantenimento" ("manUsuario_id");
CREATE INDEX IF NOT EXISTS "appGestionInventario_devolutivo_devElemento_id_d3dd6c96" ON "appGestionInventario_devolutivo" ("devElemento_id");
CREATE INDEX IF NOT EXISTS "appGestionInventario_devolucionelemento_devSalida_id_1a1b85f5" ON "appGestionInventario_devolucionelemento" ("devSalida_id");
CREATE INDEX IF NOT EXISTS "appGestionInventario_devolucionelemento_devUsuario_id_2810a484" ON "appGestionInventario_devolucionelemento" ("devUsuario_id");
CREATE INDEX IF NOT EXISTS "appGestionInventario_detallesolicitud_detElemento_id_c20b8c3f" ON "appGestionInventario_detallesolicitud" ("detElemento_id");
CREATE INDEX IF NOT EXISTS "appGestionInventario_detallesolicitud_detSolicitud_id_e2077e95" ON "appGestionInventario_detallesolicitud" ("detSolicitud_id");
CREATE INDEX IF NOT EXISTS "appGestionInventario_detallesolicitud_detUnidadMedida_id_7fd9c67a" ON "appGestionInventario_detallesolicitud" ("detUnidadMedida_id");
CREATE INDEX IF NOT EXISTS "appGestionInventario_detalleentradamaterial_detEntradaMaterial_id_b849c174" ON "appGestionInventario_detalleentradamaterial" ("detEntradaMaterial_id");
CREATE INDEX IF NOT EXISTS "appGestionInventario_detalleentradamaterial_detMaterial_id_b7da5470" ON "appGestionInventario_detalleentradamaterial" ("detMaterial_id");
CREATE INDEX IF NOT EXISTS "appGestionInventario_detalleentradamaterial_detUnidadMedida_id_a2b5a430" ON "appGestionInventario_detalleentradamaterial" ("detUnidadMedida_id");
CREATE INDEX IF NOT EXISTS "django_admin_log_content_type_id_c4bce8eb" ON "django_admin_log" ("content_type_id");
CREATE INDEX IF NOT EXISTS "django_admin_log_user_id_c564eba6" ON "django_admin_log" ("user_id");
CREATE INDEX IF NOT EXISTS "appGestionInventario_entradamaterial_entProveedor_id_ebe3f53d" ON "appGestionInventario_entradamaterial" ("entProveedor_id");
CREATE INDEX IF NOT EXISTS "appGestionInventario_entradamaterial_entUsuarioRecibe_id_a1347ef1" ON "appGestionInventario_entradamaterial" ("entUsuarioRecibe_id");
CREATE INDEX IF NOT EXISTS "appGestionInventario_ubicacionfisica_ubiElemento_id_2d2d9b6e" ON "appGestionInventario_ubicacionfisica" ("ubiElemento_id");
CREATE INDEX IF NOT EXISTS "django_session_expire_date_a5c62663" ON "django_session" ("expire_date");
CREATE TABLE IF NOT EXISTS "appGestionInventario_hojavidadevolutivo" ("id" integer NOT NULL PRIMARY KEY AUTOINCREMENT, "hojaMarcaMotor" varchar(45) NULL, "hojaModelo" varchar(45) NULL, "hojaFabricante" varchar(45) NULL, "hojaTipoCombustible" varchar(45) NULL, "hojaTipoAceiteMotor" varchar(45) NULL, "hojaPotenciaMotor" varchar(45) NULL, "hojaRangoDeTrabajo" varchar(45) NULL, "hojaVoltaje" varchar(45) NULL, "hojaPeso" real NULL, "hojaDevolutivo_id" bigint NOT NULL UNIQUE REFERENCES "appGestionInventario_devolutivo" ("id") DEFERRABLE INITIALLY DEFERRED);
CREATE UNIQUE INDEX "django_content_type_app_label_model_76bd3d3b_uniq" ON "django_content_type" ("app_label", "model");
CREATE UNIQUE INDEX "auth_group_permissions_group_id_permission_id_0cd325b0_uniq" ON "auth_group_permissions" ("group_id", "permission_id");
CREATE INDEX IF NOT EXISTS "auth_group_permissions_group_id_b120cbf9" ON "auth_group_permissions" ("group_id");
CREATE INDEX IF NOT EXISTS "auth_group_permissions_permission_id_84c5c92e" ON "auth_group_permissions" ("permission_id");
CREATE UNIQUE INDEX "auth_permission_content_type_id_codename_01ab375a_uniq" ON "auth_permission" ("content_type_id", "codename");
CREATE INDEX IF NOT EXISTS "auth_permission_content_type_id_2f476e4b" ON "auth_permission" ("content_type_id");
CREATE UNIQUE INDEX "appGestionInventario_user_groups_user_id_group_id_84dd0188_uniq" ON "appGestionInventario_user_groups" ("user_id", "group_id");
CREATE INDEX IF NOT EXISTS "appGestionInventario_user_groups_user_id_8cf06a1f" ON "appGestionInventario_user_groups" ("user_id");
CREATE INDEX IF NOT EXISTS "appGestionInventario_user_groups_group_id_b9a16238" ON "appGestionInventario_user_groups" ("group_id");
CREATE UNIQUE INDEX "appGestionInventario_user_user_permissions_user_id_permission_id_63157aae_uniq" ON "appGestionInventario_user_user_permissions" ("user_id", "permission_id");
CREATE INDEX IF NOT EXISTS "appGestionInventario_user_user_permissions_user_id_cb412637" ON "appGestionInventario_user_user_permissions" ("user_id");
CREATE INDEX IF NOT EXISTS "appGestionInventario_user_user_permissions_permission_id_37a3a8c5" ON "appGestionInventario_user_user_permissions" ("permission_id");
CREATE INDEX IF NOT EXISTS "appGestionInventario_solicitudelemento_solFicha_id_a0b27756" ON "appGestionInventario_solicitudelemento" ("solFicha_id");
CREATE INDEX IF NOT EXISTS "appGestionInventario_solicitudelemento_solUsuario_id_72e8054b" ON "appGestionInventario_solicitudelemento" ("solUsuario_id");
CREATE INDEX IF NOT EXISTS "appGestionInventario_salidadetallesolicitud_salDetalleSolicitud_id_3983d06e" ON "appGestionInventario_salidadetallesolicitud" ("salDetalleSolicitud_id");
CREATE INDEX IF NOT EXISTS "appGestionInventario_material_matElemento_id_a0483d69" ON "appGestionInventario_material" ("matElemento_id");
CREATE INDEX IF NOT EXISTS "appGestionInventario_mantenimento_manElemento_id_fe8cdab4" ON "appGestionInventario_mantenimento" ("manElemento_id");
CREATE INDEX IF NOT EXISTS "appGestionInventario_mantenimento_manUsuario_id_7ba78625" ON "appGestionInventario_mantenimento" ("manUsuario_id");
CREATE INDEX IF NOT EXISTS "appGestionInventario_devolutivo_devElemento_id_d3dd6c96" ON "appGestionInventario_devolutivo" ("devElemento_id");
CREATE INDEX IF NOT EXISTS "appGestionInventario_devolucionelemento_devSalida_id_1a1b85f5" ON "appGestionInventario_devolucionelemento" ("devSalida_id");
CREATE INDEX IF NOT EXISTS "appGestionInventario_devolucionelemento_devUsuario_id_2810a484" ON "appGestionInventario_devolucionelemento" ("devUsuario_id");
CREATE INDEX IF NOT EXISTS "appGestionInventario_detallesolicitud_detElemento_id_c20b8c3f" ON "appGestionInventario_detallesolicitud" ("detElemento_id");
CREATE INDEX IF NOT EXISTS "appGestionInventario_detallesolicitud_detSolicitud_id_e2077e95" ON "appGestionInventario_detallesolicitud" ("detSolicitud_id");
CREATE INDEX IF NOT EXISTS "appGestionInventario_detallesolicitud_detUnidadMedida_id_7fd9c67a" ON "appGestionInventario_detallesolicitud" ("detUnidadMedida_id");
CREATE INDEX IF NOT EXISTS "appGestionInventario_detalleentradamaterial_detEntradaMaterial_id_b849c174" ON "appGestionInventario_detalleentradamaterial" ("detEntradaMaterial_id");
CREATE INDEX IF NOT EXISTS "appGestionInventario_detalleentradamaterial_detMaterial_id_b7da5470" ON "appGestionInventario_detalleentradamaterial" ("detMaterial_id");
CREATE INDEX IF NOT EXISTS "appGestionInventario_detalleentradamaterial_detUnidadMedida_id_a2b5a430" ON "appGestionInventario_detalleentradamaterial" ("detUnidadMedida_id");
CREATE INDEX IF NOT EXISTS "django_admin_log_content_type_id_c4bce8eb" ON "django_admin_log" ("content_type_id");
CREATE INDEX IF NOT EXISTS "django_admin_log_user_id_c564eba6" ON "django_admin_log" ("user_id");
CREATE INDEX IF NOT EXISTS "appGestionInventario_entradamaterial_entProveedor_id_ebe3f53d" ON "appGestionInventario_entradamaterial" ("entProveedor_id");
CREATE INDEX IF NOT EXISTS "appGestionInventario_entradamaterial_entUsuarioRecibe_id_a1347ef1" ON "appGestionInventario_entradamaterial" ("entUsuarioRecibe_id");
CREATE INDEX IF NOT EXISTS "appGestionInventario_ubicacionfisica_ubiElemento_id_2d2d9b6e" ON "appGestionInventario_ubicacionfisica" ("ubiElemento_id");
CREATE INDEX IF NOT EXISTS "django_session_expire_date_a5c62663" ON "django_session" ("expire_date");
CREATE TABLE IF NOT EXISTS "appGestionInventario_mantenimento" ("id" integer NOT NULL PRIMARY KEY AUTOINCREMENT, "manTipo" varchar(50) NULL, "manObservaciones" text NULL, "manRealizadoPor" text NULL, "manFechaMantenimiento" datetime NULL, "fechaHoraCreacion" datetime NOT NULL, "fechaHoraActualizacion" datetime NOT NULL, "manElemento_id" bigint NOT NULL REFERENCES "appGestionInventario_elemento" ("id") DEFERRABLE INITIALLY DEFERRED, "manUsuario_id" bigint NOT NULL REFERENCES "appGestionInventario_user" ("id") DEFERRABLE INITIALLY DEFERRED);
CREATE UNIQUE INDEX "django_content_type_app_label_model_76bd3d3b_uniq" ON "django_content_type" ("app_label", "model");
CREATE UNIQUE INDEX "auth_group_permissions_group_id_permission_id_0cd325b0_uniq" ON "auth_group_permissions" ("group_id", "permission_id");
CREATE INDEX IF NOT EXISTS "auth_group_permissions_group_id_b120cbf9" ON "auth_group_permissions" ("group_id");
CREATE INDEX IF NOT EXISTS "auth_group_permissions_permission_id_84c5c92e" ON "auth_group_permissions" ("permission_id");
CREATE UNIQUE INDEX "auth_permission_content_type_id_codename_01ab375a_uniq" ON "auth_permission" ("content_type_id", "codename");
CREATE INDEX IF NOT EXISTS "auth_permission_content_type_id_2f476e4b" ON "auth_permission" ("content_type_id");
CREATE UNIQUE INDEX "appGestionInventario_user_groups_user_id_group_id_84dd0188_uniq" ON "appGestionInventario_user_groups" ("user_id", "group_id");
CREATE INDEX IF NOT EXISTS "appGestionInventario_user_groups_user_id_8cf06a1f" ON "appGestionInventario_user_groups" ("user_id");
CREATE INDEX IF NOT EXISTS "appGestionInventario_user_groups_group_id_b9a16238" ON "appGestionInventario_user_groups" ("group_id");
CREATE UNIQUE INDEX "appGestionInventario_user_user_permissions_user_id_permission_id_63157aae_uniq" ON "appGestionInventario_user_user_permissions" ("user_id", "permission_id");
CREATE INDEX IF NOT EXISTS "appGestionInventario_user_user_permissions_user_id_cb412637" ON "appGestionInventario_user_user_permissions" ("user_id");
CREATE INDEX IF NOT EXISTS "appGestionInventario_user_user_permissions_permission_id_37a3a8c5" ON "appGestionInventario_user_user_permissions" ("permission_id");
CREATE INDEX IF NOT EXISTS "appGestionInventario_solicitudelemento_solFicha_id_a0b27756" ON "appGestionInventario_solicitudelemento" ("solFicha_id");
CREATE INDEX IF NOT EXISTS "appGestionInventario_solicitudelemento_solUsuario_id_72e8054b" ON "appGestionInventario_solicitudelemento" ("solUsuario_id");
CREATE INDEX IF NOT EXISTS "appGestionInventario_salidadetallesolicitud_salDetalleSolicitud_id_3983d06e" ON "appGestionInventario_salidadetallesolicitud" ("salDetalleSolicitud_id");
CREATE INDEX IF NOT EXISTS "appGestionInventario_material_matElemento_id_a0483d69" ON "appGestionInventario_material" ("matElemento_id");
CREATE INDEX IF NOT EXISTS "appGestionInventario_mantenimento_manElemento_id_fe8cdab4" ON "appGestionInventario_mantenimento" ("manElemento_id");
CREATE INDEX IF NOT EXISTS "appGestionInventario_mantenimento_manUsuario_id_7ba78625" ON "appGestionInventario_mantenimento" ("manUsuario_id");
CREATE INDEX IF NOT EXISTS "appGestionInventario_devolutivo_devElemento_id_d3dd6c96" ON "appGestionInventario_devolutivo" ("devElemento_id");
CREATE INDEX IF NOT EXISTS "appGestionInventario_devolucionelemento_devSalida_id_1a1b85f5" ON "appGestionInventario_devolucionelemento" ("devSalida_id");
CREATE INDEX IF NOT EXISTS "appGestionInventario_devolucionelemento_devUsuario_id_2810a484" ON "appGestionInventario_devolucionelemento" ("devUsuario_id");
CREATE INDEX IF NOT EXISTS "appGestionInventario_detallesolicitud_detElemento_id_c20b8c3f" ON "appGestionInventario_detallesolicitud" ("detElemento_id");
CREATE INDEX IF NOT EXISTS "appGestionInventario_detallesolicitud_detSolicitud_id_e2077e95" ON "appGestionInventario_detallesolicitud" ("detSolicitud_id");
CREATE INDEX IF NOT EXISTS "appGestionInventario_detallesolicitud_detUnidadMedida_id_7fd9c67a" ON "appGestionInventario_detallesolicitud" ("detUnidadMedida_id");
CREATE INDEX IF NOT EXISTS "appGestionInventario_detalleentradamaterial_detEntradaMaterial_id_b849c174" ON "appGestionInventario_detalleentradamaterial" ("detEntradaMaterial_id");
CREATE INDEX IF NOT EXISTS "appGestionInventario_detalleentradamaterial_detMaterial_id_b7da5470" ON "appGestionInventario_detalleentradamaterial" ("detMaterial_id");
CREATE INDEX IF NOT EXISTS "appGestionInventario_detalleentradamaterial_detUnidadMedida_id_a2b5a430" ON "appGestionInventario_detalleentradamaterial" ("detUnidadMedida_id");
CREATE INDEX IF NOT EXISTS "django_admin_log_content_type_id_c4bce8eb" ON "django_admin_log" ("content_type_id");
CREATE INDEX IF NOT EXISTS "django_admin_log_user_id_c564eba6" ON "django_admin_log" ("user_id");
CREATE INDEX IF NOT EXISTS "appGestionInventario_entradamaterial_entProveedor_id_ebe3f53d" ON "appGestionInventario_entradamaterial" ("entProveedor_id");
CREATE INDEX IF NOT EXISTS "appGestionInventario_entradamaterial_entUsuarioRecibe_id_a1347ef1" ON "appGestionInventario_entradamaterial" ("entUsuarioRecibe_id");
CREATE INDEX IF NOT EXISTS "appGestionInventario_ubicacionfisica_ubiElemento_id_2d2d9b6e" ON "appGestionInventario_ubicacionfisica" ("ubiElemento_id");
CREATE INDEX IF NOT EXISTS "django_session_expire_date_a5c62663" ON "django_session" ("expire_date");
CREATE TABLE IF NOT EXISTS "appGestionInventario_material" ("id" integer NOT NULL PRIMARY KEY AUTOINCREMENT, "matReferencia" text NULL, "matMarca" varchar(50) NULL, "fechaHoraCreacion" datetime NOT NULL, "fechaHoraActualizacion" datetime NOT NULL, "matElemento_id" bigint NOT NULL REFERENCES "appGestionInventario_elemento" ("id") DEFERRABLE INITIALLY DEFERRED);
INSERT INTO "appGestionInventario_material" VALUES(1,'','','2023-10-05 18:21:36.628696','2023-10-05 18:21:36.628696',1);
CREATE UNIQUE INDEX "django_content_type_app_label_model_76bd3d3b_uniq" ON "django_content_type" ("app_label", "model");
CREATE UNIQUE INDEX "auth_group_permissions_group_id_permission_id_0cd325b0_uniq" ON "auth_group_permissions" ("group_id", "permission_id");
CREATE INDEX IF NOT EXISTS "auth_group_permissions_group_id_b120cbf9" ON "auth_group_permissions" ("group_id");
CREATE INDEX IF NOT EXISTS "auth_group_permissions_permission_id_84c5c92e" ON "auth_group_permissions" ("permission_id");
CREATE UNIQUE INDEX "auth_permission_content_type_id_codename_01ab375a_uniq" ON "auth_permission" ("content_type_id", "codename");
CREATE INDEX IF NOT EXISTS "auth_permission_content_type_id_2f476e4b" ON "auth_permission" ("content_type_id");
CREATE UNIQUE INDEX "appGestionInventario_user_groups_user_id_group_id_84dd0188_uniq" ON "appGestionInventario_user_groups" ("user_id", "group_id");
CREATE INDEX IF NOT EXISTS "appGestionInventario_user_groups_user_id_8cf06a1f" ON "appGestionInventario_user_groups" ("user_id");
CREATE INDEX IF NOT EXISTS "appGestionInventario_user_groups_group_id_b9a16238" ON "appGestionInventario_user_groups" ("group_id");
CREATE UNIQUE INDEX "appGestionInventario_user_user_permissions_user_id_permission_id_63157aae_uniq" ON "appGestionInventario_user_user_permissions" ("user_id", "permission_id");
CREATE INDEX IF NOT EXISTS "appGestionInventario_user_user_permissions_user_id_cb412637" ON "appGestionInventario_user_user_permissions" ("user_id");
CREATE INDEX IF NOT EXISTS "appGestionInventario_user_user_permissions_permission_id_37a3a8c5" ON "appGestionInventario_user_user_permissions" ("permission_id");
CREATE INDEX IF NOT EXISTS "appGestionInventario_solicitudelemento_solFicha_id_a0b27756" ON "appGestionInventario_solicitudelemento" ("solFicha_id");
CREATE INDEX IF NOT EXISTS "appGestionInventario_solicitudelemento_solUsuario_id_72e8054b" ON "appGestionInventario_solicitudelemento" ("solUsuario_id");
CREATE INDEX IF NOT EXISTS "appGestionInventario_salidadetallesolicitud_salDetalleSolicitud_id_3983d06e" ON "appGestionInventario_salidadetallesolicitud" ("salDetalleSolicitud_id");
CREATE INDEX IF NOT EXISTS "appGestionInventario_material_matElemento_id_a0483d69" ON "appGestionInventario_material" ("matElemento_id");
CREATE INDEX IF NOT EXISTS "appGestionInventario_mantenimento_manElemento_id_fe8cdab4" ON "appGestionInventario_mantenimento" ("manElemento_id");
CREATE INDEX IF NOT EXISTS "appGestionInventario_mantenimento_manUsuario_id_7ba78625" ON "appGestionInventario_mantenimento" ("manUsuario_id");
CREATE INDEX IF NOT EXISTS "appGestionInventario_devolutivo_devElemento_id_d3dd6c96" ON "appGestionInventario_devolutivo" ("devElemento_id");
CREATE INDEX IF NOT EXISTS "appGestionInventario_devolucionelemento_devSalida_id_1a1b85f5" ON "appGestionInventario_devolucionelemento" ("devSalida_id");
CREATE INDEX IF NOT EXISTS "appGestionInventario_devolucionelemento_devUsuario_id_2810a484" ON "appGestionInventario_devolucionelemento" ("devUsuario_id");
CREATE INDEX IF NOT EXISTS "appGestionInventario_detallesolicitud_detElemento_id_c20b8c3f" ON "appGestionInventario_detallesolicitud" ("detElemento_id");
CREATE INDEX IF NOT EXISTS "appGestionInventario_detallesolicitud_detSolicitud_id_e2077e95" ON "appGestionInventario_detallesolicitud" ("detSolicitud_id");
CREATE INDEX IF NOT EXISTS "appGestionInventario_detallesolicitud_detUnidadMedida_id_7fd9c67a" ON "appGestionInventario_detallesolicitud" ("detUnidadMedida_id");
CREATE INDEX IF NOT EXISTS "appGestionInventario_detalleentradamaterial_detEntradaMaterial_id_b849c174" ON "appGestionInventario_detalleentradamaterial" ("detEntradaMaterial_id");
CREATE INDEX IF NOT EXISTS "appGestionInventario_detalleentradamaterial_detMaterial_id_b7da5470" ON "appGestionInventario_detalleentradamaterial" ("detMaterial_id");
CREATE INDEX IF NOT EXISTS "appGestionInventario_detalleentradamaterial_detUnidadMedida_id_a2b5a430" ON "appGestionInventario_detalleentradamaterial" ("detUnidadMedida_id");
CREATE INDEX IF NOT EXISTS "django_admin_log_content_type_id_c4bce8eb" ON "django_admin_log" ("content_type_id");
CREATE INDEX IF NOT EXISTS "django_admin_log_user_id_c564eba6" ON "django_admin_log" ("user_id");
CREATE INDEX IF NOT EXISTS "appGestionInventario_entradamaterial_entProveedor_id_ebe3f53d" ON "appGestionInventario_entradamaterial" ("entProveedor_id");
CREATE INDEX IF NOT EXISTS "appGestionInventario_entradamaterial_entUsuarioRecibe_id_a1347ef1" ON "appGestionInventario_entradamaterial" ("entUsuarioRecibe_id");
CREATE INDEX IF NOT EXISTS "appGestionInventario_ubicacionfisica_ubiElemento_id_2d2d9b6e" ON "appGestionInventario_ubicacionfisica" ("ubiElemento_id");
CREATE INDEX IF NOT EXISTS "django_session_expire_date_a5c62663" ON "django_session" ("expire_date");
CREATE TABLE IF NOT EXISTS "appGestionInventario_proveedor" ("id" integer NOT NULL PRIMARY KEY AUTOINCREMENT, "proTipo" varchar(20) NOT NULL, "proIdentificacion" varchar(15) NOT NULL UNIQUE, "proNombre" varchar(60) NOT NULL, "proRepresentanteLegal" varchar(60) NULL, "proTelefono" varchar(15) NULL, "fechaHoraCreacion" datetime NOT NULL, "fechaHoraActualizacion" datetime NOT NULL);
INSERT INTO "appGestionInventario_proveedor" VALUES(1,'Persona Natural','8999990341','SENA','Fermn Beltrn','300111111','2023-10-05 17:07:59.045445','2023-10-05 17:07:59.045445');
CREATE UNIQUE INDEX "django_content_type_app_label_model_76bd3d3b_uniq" ON "django_content_type" ("app_label", "model");
CREATE UNIQUE INDEX "auth_group_permissions_group_id_permission_id_0cd325b0_uniq" ON "auth_group_permissions" ("group_id", "permission_id");
CREATE INDEX IF NOT EXISTS "auth_group_permissions_group_id_b120cbf9" ON "auth_group_permissions" ("group_id");
CREATE INDEX IF NOT EXISTS "auth_group_permissions_permission_id_84c5c92e" ON "auth_group_permissions" ("permission_id");
CREATE UNIQUE INDEX "auth_permission_content_type_id_codename_01ab375a_uniq" ON "auth_permission" ("content_type_id", "codename");
CREATE INDEX IF NOT EXISTS "auth_permission_content_type_id_2f476e4b" ON "auth_permission" ("content_type_id");
CREATE UNIQUE INDEX "appGestionInventario_user_groups_user_id_group_id_84dd0188_uniq" ON "appGestionInventario_user_groups" ("user_id", "group_id");
CREATE INDEX IF NOT EXISTS "appGestionInventario_user_groups_user_id_8cf06a1f" ON "appGestionInventario_user_groups" ("user_id");
CREATE INDEX IF NOT EXISTS "appGestionInventario_user_groups_group_id_b9a16238" ON "appGestionInventario_user_groups" ("group_id");
CREATE UNIQUE INDEX "appGestionInventario_user_user_permissions_user_id_permission_id_63157aae_uniq" ON "appGestionInventario_user_user_permissions" ("user_id", "permission_id");
CREATE INDEX IF NOT EXISTS "appGestionInventario_user_user_permissions_user_id_cb412637" ON "appGestionInventario_user_user_permissions" ("user_id");
CREATE INDEX IF NOT EXISTS "appGestionInventario_user_user_permissions_permission_id_37a3a8c5" ON "appGestionInventario_user_user_permissions" ("permission_id");
CREATE INDEX IF NOT EXISTS "appGestionInventario_solicitudelemento_solFicha_id_a0b27756" ON "appGestionInventario_solicitudelemento" ("solFicha_id");
CREATE INDEX IF NOT EXISTS "appGestionInventario_solicitudelemento_solUsuario_id_72e8054b" ON "appGestionInventario_solicitudelemento" ("solUsuario_id");
CREATE INDEX IF NOT EXISTS "appGestionInventario_salidadetallesolicitud_salDetalleSolicitud_id_3983d06e" ON "appGestionInventario_salidadetallesolicitud" ("salDetalleSolicitud_id");
CREATE INDEX IF NOT EXISTS "appGestionInventario_material_matElemento_id_a0483d69" ON "appGestionInventario_material" ("matElemento_id");
CREATE INDEX IF NOT EXISTS "appGestionInventario_mantenimento_manElemento_id_fe8cdab4" ON "appGestionInventario_mantenimento" ("manElemento_id");
CREATE INDEX IF NOT EXISTS "appGestionInventario_mantenimento_manUsuario_id_7ba78625" ON "appGestionInventario_mantenimento" ("manUsuario_id");
CREATE INDEX IF NOT EXISTS "appGestionInventario_devolutivo_devElemento_id_d3dd6c96" ON "appGestionInventario_devolutivo" ("devElemento_id");
CREATE INDEX IF NOT EXISTS "appGestionInventario_devolucionelemento_devSalida_id_1a1b85f5" ON "appGestionInventario_devolucionelemento" ("devSalida_id");
CREATE INDEX IF NOT EXISTS "appGestionInventario_devolucionelemento_devUsuario_id_2810a484" ON "appGestionInventario_devolucionelemento" ("devUsuario_id");
CREATE INDEX IF NOT EXISTS "appGestionInventario_detallesolicitud_detElemento_id_c20b8c3f" ON "appGestionInventario_detallesolicitud" ("detElemento_id");
CREATE INDEX IF NOT EXISTS "appGestionInventario_detallesolicitud_detSolicitud_id_e2077e95" ON "appGestionInventario_detallesolicitud" ("detSolicitud_id");
CREATE INDEX IF NOT EXISTS "appGestionInventario_detallesolicitud_detUnidadMedida_id_7fd9c67a" ON "appGestionInventario_detallesolicitud" ("detUnidadMedida_id");
CREATE INDEX IF NOT EXISTS "appGestionInventario_detalleentradamaterial_detEntradaMaterial_id_b849c174" ON "appGestionInventario_detalleentradamaterial" ("detEntradaMaterial_id");
CREATE INDEX IF NOT EXISTS "appGestionInventario_detalleentradamaterial_detMaterial_id_b7da5470" ON "appGestionInventario_detalleentradamaterial" ("detMaterial_id");
CREATE INDEX IF NOT EXISTS "appGestionInventario_detalleentradamaterial_detUnidadMedida_id_a2b5a430" ON "appGestionInventario_detalleentradamaterial" ("detUnidadMedida_id");
CREATE INDEX IF NOT EXISTS "django_admin_log_content_type_id_c4bce8eb" ON "django_admin_log" ("content_type_id");
CREATE INDEX IF NOT EXISTS "django_admin_log_user_id_c564eba6" ON "django_admin_log" ("user_id");
CREATE INDEX IF NOT EXISTS "appGestionInventario_entradamaterial_entProveedor_id_ebe3f53d" ON "appGestionInventario_entradamaterial" ("entProveedor_id");
CREATE INDEX IF NOT EXISTS "appGestionInventario_entradamaterial_entUsuarioRecibe_id_a1347ef1" ON "appGestionInventario_entradamaterial" ("entUsuarioRecibe_id");
CREATE INDEX IF NOT EXISTS "appGestionInventario_ubicacionfisica_ubiElemento_id_2d2d9b6e" ON "appGestionInventario_ubicacionfisica" ("ubiElemento_id");
CREATE INDEX IF NOT EXISTS "django_session_expire_date_a5c62663" ON "django_session" ("expire_date");
CREATE TABLE IF NOT EXISTS "appGestionInventario_salidadetallesolicitud" ("id" integer NOT NULL PRIMARY KEY AUTOINCREMENT, "salCantidadEntregada" integer NOT NULL, "salObservaciones" text NULL, "fechaHoraCreacion" datetime NOT NULL, "fechaHoraActualizacion" datetime NOT NULL, "salDetalleSolicitud_id" bigint NOT NULL REFERENCES "appGestionInventario_detallesolicitud" ("id") DEFERRABLE INITIALLY DEFERRED);
CREATE UNIQUE INDEX "django_content_type_app_label_model_76bd3d3b_uniq" ON "django_content_type" ("app_label", "model");
CREATE UNIQUE INDEX "auth_group_permissions_group_id_permission_id_0cd325b0_uniq" ON "auth_group_permissions" ("group_id", "permission_id");
CREATE INDEX IF NOT EXISTS "auth_group_permissions_group_id_b120cbf9" ON "auth_group_permissions" ("group_id");
CREATE INDEX IF NOT EXISTS "auth_group_permissions_permission_id_84c5c92e" ON "auth_group_permissions" ("permission_id");
CREATE UNIQUE INDEX "auth_permission_content_type_id_codename_01ab375a_uniq" ON "auth_permission" ("content_type_id", "codename");
CREATE INDEX IF NOT EXISTS "auth_permission_content_type_id_2f476e4b" ON "auth_permission" ("content_type_id");
CREATE UNIQUE INDEX "appGestionInventario_user_groups_user_id_group_id_84dd0188_uniq" ON "appGestionInventario_user_groups" ("user_id", "group_id");
CREATE INDEX IF NOT EXISTS "appGestionInventario_user_groups_user_id_8cf06a1f" ON "appGestionInventario_user_groups" ("user_id");
CREATE INDEX IF NOT EXISTS "appGestionInventario_user_groups_group_id_b9a16238" ON "appGestionInventario_user_groups" ("group_id");
CREATE UNIQUE INDEX "appGestionInventario_user_user_permissions_user_id_permission_id_63157aae_uniq" ON "appGestionInventario_user_user_permissions" ("user_id", "permission_id");
CREATE INDEX IF NOT EXISTS "appGestionInventario_user_user_permissions_user_id_cb412637" ON "appGestionInventario_user_user_permissions" ("user_id");
CREATE INDEX IF NOT EXISTS "appGestionInventario_user_user_permissions_permission_id_37a3a8c5" ON "appGestionInventario_user_user_permissions" ("permission_id");
CREATE INDEX IF NOT EXISTS "appGestionInventario_solicitudelemento_solFicha_id_a0b27756" ON "appGestionInventario_solicitudelemento" ("solFicha_id");
CREATE INDEX IF NOT EXISTS "appGestionInventario_solicitudelemento_solUsuario_id_72e8054b" ON "appGestionInventario_solicitudelemento" ("solUsuario_id");
CREATE INDEX IF NOT EXISTS "appGestionInventario_salidadetallesolicitud_salDetalleSolicitud_id_3983d06e" ON "appGestionInventario_salidadetallesolicitud" ("salDetalleSolicitud_id");
CREATE INDEX IF NOT EXISTS "appGestionInventario_material_matElemento_id_a0483d69" ON "appGestionInventario_material" ("matElemento_id");
CREATE INDEX IF NOT EXISTS "appGestionInventario_mantenimento_manElemento_id_fe8cdab4" ON "appGestionInventario_mantenimento" ("manElemento_id");
CREATE INDEX IF NOT EXISTS "appGestionInventario_mantenimento_manUsuario_id_7ba78625" ON "appGestionInventario_mantenimento" ("manUsuario_id");
CREATE INDEX IF NOT EXISTS "appGestionInventario_devolutivo_devElemento_id_d3dd6c96" ON "appGestionInventario_devolutivo" ("devElemento_id");
CREATE INDEX IF NOT EXISTS "appGestionInventario_devolucionelemento_devSalida_id_1a1b85f5" ON "appGestionInventario_devolucionelemento" ("devSalida_id");
CREATE INDEX IF NOT EXISTS "appGestionInventario_devolucionelemento_devUsuario_id_2810a484" ON "appGestionInventario_devolucionelemento" ("devUsuario_id");
CREATE INDEX IF NOT EXISTS "appGestionInventario_detallesolicitud_detElemento_id_c20b8c3f" ON "appGestionInventario_detallesolicitud" ("detElemento_id");
CREATE INDEX IF NOT EXISTS "appGestionInventario_detallesolicitud_detSolicitud_id_e2077e95" ON "appGestionInventario_detallesolicitud" ("detSolicitud_id");
CREATE INDEX IF NOT EXISTS "appGestionInventario_detallesolicitud_detUnidadMedida_id_7fd9c67a" ON "appGestionInventario_detallesolicitud" ("detUnidadMedida_id");
CREATE INDEX IF NOT EXISTS "appGestionInventario_detalleentradamaterial_detEntradaMaterial_id_b849c174" ON "appGestionInventario_detalleentradamaterial" ("detEntradaMaterial_id");
CREATE INDEX IF NOT EXISTS "appGestionInventario_detalleentradamaterial_detMaterial_id_b7da5470" ON "appGestionInventario_detalleentradamaterial" ("detMaterial_id");
CREATE INDEX IF NOT EXISTS "appGestionInventario_detalleentradamaterial_detUnidadMedida_id_a2b5a430" ON "appGestionInventario_detalleentradamaterial" ("detUnidadMedida_id");
CREATE INDEX IF NOT EXISTS "django_admin_log_content_type_id_c4bce8eb" ON "django_admin_log" ("content_type_id");
CREATE INDEX IF NOT EXISTS "django_admin_log_user_id_c564eba6" ON "django_admin_log" ("user_id");
CREATE INDEX IF NOT EXISTS "appGestionInventario_entradamaterial_entProveedor_id_ebe3f53d" ON "appGestionInventario_entradamaterial" ("entProveedor_id");
CREATE INDEX IF NOT EXISTS "appGestionInventario_entradamaterial_entUsuarioRecibe_id_a1347ef1" ON "appGestionInventario_entradamaterial" ("entUsuarioRecibe_id");
CREATE INDEX IF NOT EXISTS "appGestionInventario_ubicacionfisica_ubiElemento_id_2d2d9b6e" ON "appGestionInventario_ubicacionfisica" ("ubiElemento_id");
CREATE INDEX IF NOT EXISTS "django_session_expire_date_a5c62663" ON "django_session" ("expire_date");
CREATE TABLE IF NOT EXISTS "appGestionInventario_solicitudelemento" ("id" integer NOT NULL PRIMARY KEY AUTOINCREMENT, "solProyecto" text NOT NULL, "solFechaHoraRequerida" datetime NULL, "solFechaHoraDevolver" datetime NULL, "solEstado" varchar(10) NOT NULL, "solObservaciones" text NULL, "fechaHoraCreacion" datetime NOT NULL, "fechaHoraActualizacion" datetime NOT NULL, "solFicha_id" bigint NOT NULL REFERENCES "appGestionInventario_ficha" ("id") DEFERRABLE INITIALLY DEFERRED, "solUsuario_id" bigint NOT NULL REFERENCES "appGestionInventario_user" ("id") DEFERRABLE INITIALLY DEFERRED);
CREATE UNIQUE INDEX "django_content_type_app_label_model_76bd3d3b_uniq" ON "django_content_type" ("app_label", "model");
CREATE UNIQUE INDEX "auth_group_permissions_group_id_permission_id_0cd325b0_uniq" ON "auth_group_permissions" ("group_id", "permission_id");
CREATE INDEX IF NOT EXISTS "auth_group_permissions_group_id_b120cbf9" ON "auth_group_permissions" ("group_id");
CREATE INDEX IF NOT EXISTS "auth_group_permissions_permission_id_84c5c92e" ON "auth_group_permissions" ("permission_id");
CREATE UNIQUE INDEX "auth_permission_content_type_id_codename_01ab375a_uniq" ON "auth_permission" ("content_type_id", "codename");
CREATE INDEX IF NOT EXISTS "auth_permission_content_type_id_2f476e4b" ON "auth_permission" ("content_type_id");
CREATE UNIQUE INDEX "appGestionInventario_user_groups_user_id_group_id_84dd0188_uniq" ON "appGestionInventario_user_groups" ("user_id", "group_id");
CREATE INDEX IF NOT EXISTS "appGestionInventario_user_groups_user_id_8cf06a1f" ON "appGestionInventario_user_groups" ("user_id");
CREATE INDEX IF NOT EXISTS "appGestionInventario_user_groups_group_id_b9a16238" ON "appGestionInventario_user_groups" ("group_id");
CREATE UNIQUE INDEX "appGestionInventario_user_user_permissions_user_id_permission_id_63157aae_uniq" ON "appGestionInventario_user_user_permissions" ("user_id", "permission_id");
CREATE INDEX IF NOT EXISTS "appGestionInventario_user_user_permissions_user_id_cb412637" ON "appGestionInventario_user_user_permissions" ("user_id");
CREATE INDEX IF NOT EXISTS "appGestionInventario_user_user_permissions_permission_id_37a3a8c5" ON "appGestionInventario_user_user_permissions" ("permission_id");
CREATE INDEX IF NOT EXISTS "appGestionInventario_solicitudelemento_solFicha_id_a0b27756" ON "appGestionInventario_solicitudelemento" ("solFicha_id");
CREATE INDEX IF NOT EXISTS "appGestionInventario_solicitudelemento_solUsuario_id_72e8054b" ON "appGestionInventario_solicitudelemento" ("solUsuario_id");
CREATE INDEX IF NOT EXISTS "appGestionInventario_salidadetallesolicitud_salDetalleSolicitud_id_3983d06e" ON "appGestionInventario_salidadetallesolicitud" ("salDetalleSolicitud_id");
CREATE INDEX IF NOT EXISTS "appGestionInventario_material_matElemento_id_a0483d69" ON "appGestionInventario_material" ("matElemento_id");
CREATE INDEX IF NOT EXISTS "appGestionInventario_mantenimento_manElemento_id_fe8cdab4" ON "appGestionInventario_mantenimento" ("manElemento_id");
CREATE INDEX IF NOT EXISTS "appGestionInventario_mantenimento_manUsuario_id_7ba78625" ON "appGestionInventario_mantenimento" ("manUsuario_id");
CREATE INDEX IF NOT EXISTS "appGestionInventario_devolutivo_devElemento_id_d3dd6c96" ON "appGestionInventario_devolutivo" ("devElemento_id");
CREATE INDEX IF NOT EXISTS "appGestionInventario_devolucionelemento_devSalida_id_1a1b85f5" ON "appGestionInventario_devolucionelemento" ("devSalida_id");
CREATE INDEX IF NOT EXISTS "appGestionInventario_devolucionelemento_devUsuario_id_2810a484" ON "appGestionInventario_devolucionelemento" ("devUsuario_id");
CREATE INDEX IF NOT EXISTS "appGestionInventario_detallesolicitud_detElemento_id_c20b8c3f" ON "appGestionInventario_detallesolicitud" ("detElemento_id");
CREATE INDEX IF NOT EXISTS "appGestionInventario_detallesolicitud_detSolicitud_id_e2077e95" ON "appGestionInventario_detallesolicitud" ("detSolicitud_id");
CREATE INDEX IF NOT EXISTS "appGestionInventario_detallesolicitud_detUnidadMedida_id_7fd9c67a" ON "appGestionInventario_detallesolicitud" ("detUnidadMedida_id");
CREATE INDEX IF NOT EXISTS "appGestionInventario_detalleentradamaterial_detEntradaMaterial_id_b849c174" ON "appGestionInventario_detalleentradamaterial" ("detEntradaMaterial_id");
CREATE INDEX IF NOT EXISTS "appGestionInventario_detalleentradamaterial_detMaterial_id_b7da5470" ON "appGestionInventario_detalleentradamaterial" ("detMaterial_id");
CREATE INDEX IF NOT EXISTS "appGestionInventario_detalleentradamaterial_detUnidadMedida_id_a2b5a430" ON "appGestionInventario_detalleentradamaterial" ("detUnidadMedida_id");
CREATE INDEX IF NOT EXISTS "django_admin_log_content_type_id_c4bce8eb" ON "django_admin_log" ("content_type_id");
CREATE INDEX IF NOT EXISTS "django_admin_log_user_id_c564eba6" ON "django_admin_log" ("user_id");
CREATE INDEX IF NOT EXISTS "appGestionInventario_entradamaterial_entProveedor_id_ebe3f53d" ON "appGestionInventario_entradamaterial" ("entProveedor_id");
CREATE INDEX IF NOT EXISTS "appGestionInventario_entradamaterial_entUsuarioRecibe_id_a1347ef1" ON "appGestionInventario_entradamaterial" ("entUsuarioRecibe_id");
CREATE INDEX IF NOT EXISTS "appGestionInventario_ubicacionfisica_ubiElemento_id_2d2d9b6e" ON "appGestionInventario_ubicacionfisica" ("ubiElemento_id");
CREATE INDEX IF NOT EXISTS "django_session_expire_date_a5c62663" ON "django_session" ("expire_date");
CREATE TABLE IF NOT EXISTS "appGestionInventario_ubicacionfisica" ("id" integer NOT NULL PRIMARY KEY AUTOINCREMENT, "ubiDeposito" varchar(50) NOT NULL, "ubiEstante" varchar(50) NULL, "ubiEntrepano" varchar(50) NULL, "fechaHoraCreacion" datetime NOT NULL, "fechaHoraActualizacion" datetime NOT NULL, "ubiElemento_id" bigint NOT NULL REFERENCES "appGestionInventario_elemento" ("id") DEFERRABLE INITIALLY DEFERRED, "ubiLocker" varchar(50) NULL);
INSERT INTO "appGestionInventario_ubicacionfisica" VALUES(1,'D1','1','1','2023-10-05 18:21:36.628696','2023-10-05 18:21:36.628696',1,'0');
CREATE UNIQUE INDEX "django_content_type_app_label_model_76bd3d3b_uniq" ON "django_content_type" ("app_label", "model");
CREATE UNIQUE INDEX "auth_group_permissions_group_id_permission_id_0cd325b0_uniq" ON "auth_group_permissions" ("group_id", "permission_id");
CREATE INDEX IF NOT EXISTS "auth_group_permissions_group_id_b120cbf9" ON "auth_group_permissions" ("group_id");
CREATE INDEX IF NOT EXISTS "auth_group_permissions_permission_id_84c5c92e" ON "auth_group_permissions" ("permission_id");
CREATE UNIQUE INDEX "auth_permission_content_type_id_codename_01ab375a_uniq" ON "auth_permission" ("content_type_id", "codename");
CREATE INDEX IF NOT EXISTS "auth_permission_content_type_id_2f476e4b" ON "auth_permission" ("content_type_id");
CREATE UNIQUE INDEX "appGestionInventario_user_groups_user_id_group_id_84dd0188_uniq" ON "appGestionInventario_user_groups" ("user_id", "group_id");
CREATE INDEX IF NOT EXISTS "appGestionInventario_user_groups_user_id_8cf06a1f" ON "appGestionInventario_user_groups" ("user_id");
CREATE INDEX IF NOT EXISTS "appGestionInventario_user_groups_group_id_b9a16238" ON "appGestionInventario_user_groups" ("group_id");
CREATE UNIQUE INDEX "appGestionInventario_user_user_permissions_user_id_permission_id_63157aae_uniq" ON "appGestionInventario_user_user_permissions" ("user_id", "permission_id");
CREATE INDEX IF NOT EXISTS "appGestionInventario_user_user_permissions_user_id_cb412637" ON "appGestionInventario_user_user_permissions" ("user_id");
CREATE INDEX IF NOT EXISTS "appGestionInventario_user_user_permissions_permission_id_37a3a8c5" ON "appGestionInventario_user_user_permissions" ("permission_id");
CREATE INDEX IF NOT EXISTS "appGestionInventario_solicitudelemento_solFicha_id_a0b27756" ON "appGestionInventario_solicitudelemento" ("solFicha_id");
CREATE INDEX IF NOT EXISTS "appGestionInventario_solicitudelemento_solUsuario_id_72e8054b" ON "appGestionInventario_solicitudelemento" ("solUsuario_id");
CREATE INDEX IF NOT EXISTS "appGestionInventario_salidadetallesolicitud_salDetalleSolicitud_id_3983d06e" ON "appGestionInventario_salidadetallesolicitud" ("salDetalleSolicitud_id");
CREATE INDEX IF NOT EXISTS "appGestionInventario_material_matElemento_id_a0483d69" ON "appGestionInventario_material" ("matElemento_id");
CREATE INDEX IF NOT EXISTS "appGestionInventario_mantenimento_manElemento_id_fe8cdab4" ON "appGestionInventario_mantenimento" ("manElemento_id");
CREATE INDEX IF NOT EXISTS "appGestionInventario_mantenimento_manUsuario_id_7ba78625" ON "appGestionInventario_mantenimento" ("manUsuario_id");
CREATE INDEX IF NOT EXISTS "appGestionInventario_devolutivo_devElemento_id_d3dd6c96" ON "appGestionInventario_devolutivo" ("devElemento_id");
CREATE INDEX IF NOT EXISTS "appGestionInventario_devolucionelemento_devSalida_id_1a1b85f5" ON "appGestionInventario_devolucionelemento" ("devSalida_id");
CREATE INDEX IF NOT EXISTS "appGestionInventario_devolucionelemento_devUsuario_id_2810a484" ON "appGestionInventario_devolucionelemento" ("devUsuario_id");
CREATE INDEX IF NOT EXISTS "appGestionInventario_detallesolicitud_detElemento_id_c20b8c3f" ON "appGestionInventario_detallesolicitud" ("detElemento_id");
CREATE INDEX IF NOT EXISTS "appGestionInventario_detallesolicitud_detSolicitud_id_e2077e95" ON "appGestionInventario_detallesolicitud" ("detSolicitud_id");
CREATE INDEX IF NOT EXISTS "appGestionInventario_detallesolicitud_detUnidadMedida_id_7fd9c67a" ON "appGestionInventario_detallesolicitud" ("detUnidadMedida_id");
CREATE INDEX IF NOT EXISTS "appGestionInventario_detalleentradamaterial_detEntradaMaterial_id_b849c174" ON "appGestionInventario_detalleentradamaterial" ("detEntradaMaterial_id");
CREATE INDEX IF NOT EXISTS "appGestionInventario_detalleentradamaterial_detMaterial_id_b7da5470" ON "appGestionInventario_detalleentradamaterial" ("detMaterial_id");
CREATE INDEX IF NOT EXISTS "appGestionInventario_detalleentradamaterial_detUnidadMedida_id_a2b5a430" ON "appGestionInventario_detalleentradamaterial" ("detUnidadMedida_id");
CREATE INDEX IF NOT EXISTS "django_admin_log_content_type_id_c4bce8eb" ON "django_admin_log" ("content_type_id");
CREATE INDEX IF NOT EXISTS "django_admin_log_user_id_c564eba6" ON "django_admin_log" ("user_id");
CREATE INDEX IF NOT EXISTS "appGestionInventario_entradamaterial_entProveedor_id_ebe3f53d" ON "appGestionInventario_entradamaterial" ("entProveedor_id");
CREATE INDEX IF NOT EXISTS "appGestionInventario_entradamaterial_entUsuarioRecibe_id_a1347ef1" ON "appGestionInventario_entradamaterial" ("entUsuarioRecibe_id");
CREATE INDEX IF NOT EXISTS "appGestionInventario_ubicacionfisica_ubiElemento_id_2d2d9b6e" ON "appGestionInventario_ubicacionfisica" ("ubiElemento_id");
CREATE INDEX IF NOT EXISTS "django_session_expire_date_a5c62663" ON "django_session" ("expire_date");
CREATE TABLE IF NOT EXISTS "appGestionInventario_unidadmedida" ("id" integer NOT NULL PRIMARY KEY AUTOINCREMENT, "uniNombre" varchar(45) NOT NULL UNIQUE, "fechaHoraCreacion" datetime NOT NULL, "fechaHoraActualizacion" datetime NOT NULL);
INSERT INTO "appGestionInventario_unidadmedida" VALUES(1,'Kilogramo','2023-10-05 17:06:42.988049','2023-10-05 17:06:42.988049');
INSERT INTO "appGestionInventario_unidadmedida" VALUES(2,'M3','2023-10-05 17:06:47.569281','2023-10-05 17:06:47.569281');
INSERT INTO "appGestionInventario_unidadmedida" VALUES(3,'M2','2023-10-05 17:06:50.517122','2023-10-05 17:06:50.517122');
INSERT INTO "appGestionInventario_unidadmedida" VALUES(4,'Bulto','2023-10-05 17:06:56.211572','2023-10-05 17:06:56.211572');
INSERT INTO "appGestionInventario_unidadmedida" VALUES(5,'Rollo','2023-10-05 17:07:04.901644','2023-10-05 17:07:04.901644');
INSERT INTO "appGestionInventario_unidadmedida" VALUES(6,'Caja','2023-10-05 18:22:38.885549','2023-10-05 18:22:38.885549');
CREATE UNIQUE INDEX "django_content_type_app_label_model_76bd3d3b_uniq" ON "django_content_type" ("app_label", "model");
CREATE UNIQUE INDEX "auth_group_permissions_group_id_permission_id_0cd325b0_uniq" ON "auth_group_permissions" ("group_id", "permission_id");
CREATE INDEX IF NOT EXISTS "auth_group_permissions_group_id_b120cbf9" ON "auth_group_permissions" ("group_id");
CREATE INDEX IF NOT EXISTS "auth_group_permissions_permission_id_84c5c92e" ON "auth_group_permissions" ("permission_id");
CREATE UNIQUE INDEX "auth_permission_content_type_id_codename_01ab375a_uniq" ON "auth_permission" ("content_type_id", "codename");
CREATE INDEX IF NOT EXISTS "auth_permission_content_type_id_2f476e4b" ON "auth_permission" ("content_type_id");
CREATE UNIQUE INDEX "appGestionInventario_user_groups_user_id_group_id_84dd0188_uniq" ON "appGestionInventario_user_groups" ("user_id", "group_id");
CREATE INDEX IF NOT EXISTS "appGestionInventario_user_groups_user_id_8cf06a1f" ON "appGestionInventario_user_groups" ("user_id");
CREATE INDEX IF NOT EXISTS "appGestionInventario_user_groups_group_id_b9a16238" ON "appGestionInventario_user_groups" ("group_id");
CREATE UNIQUE INDEX "appGestionInventario_user_user_permissions_user_id_permission_id_63157aae_uniq" ON "appGestionInventario_user_user_permissions" ("user_id", "permission_id");
CREATE INDEX IF NOT EXISTS "appGestionInventario_user_user_permissions_user_id_cb412637" ON "appGestionInventario_user_user_permissions" ("user_id");
CREATE INDEX IF NOT EXISTS "appGestionInventario_user_user_permissions_permission_id_37a3a8c5" ON "appGestionInventario_user_user_permissions" ("permission_id");
CREATE INDEX IF NOT EXISTS "appGestionInventario_solicitudelemento_solFicha_id_a0b27756" ON "appGestionInventario_solicitudelemento" ("solFicha_id");
CREATE INDEX IF NOT EXISTS "appGestionInventario_solicitudelemento_solUsuario_id_72e8054b" ON "appGestionInventario_solicitudelemento" ("solUsuario_id");
CREATE INDEX IF NOT EXISTS "appGestionInventario_salidadetallesolicitud_salDetalleSolicitud_id_3983d06e" ON "appGestionInventario_salidadetallesolicitud" ("salDetalleSolicitud_id");
CREATE INDEX IF NOT EXISTS "appGestionInventario_material_matElemento_id_a0483d69" ON "appGestionInventario_material" ("matElemento_id");
CREATE INDEX IF NOT EXISTS "appGestionInventario_mantenimento_manElemento_id_fe8cdab4" ON "appGestionInventario_mantenimento" ("manElemento_id");
CREATE INDEX IF NOT EXISTS "appGestionInventario_mantenimento_manUsuario_id_7ba78625" ON "appGestionInventario_mantenimento" ("manUsuario_id");
CREATE INDEX IF NOT EXISTS "appGestionInventario_devolutivo_devElemento_id_d3dd6c96" ON "appGestionInventario_devolutivo" ("devElemento_id");
CREATE INDEX IF NOT EXISTS "appGestionInventario_devolucionelemento_devSalida_id_1a1b85f5" ON "appGestionInventario_devolucionelemento" ("devSalida_id");
CREATE INDEX IF NOT EXISTS "appGestionInventario_devolucionelemento_devUsuario_id_2810a484" ON "appGestionInventario_devolucionelemento" ("devUsuario_id");
CREATE INDEX IF NOT EXISTS "appGestionInventario_detallesolicitud_detElemento_id_c20b8c3f" ON "appGestionInventario_detallesolicitud" ("detElemento_id");
CREATE INDEX IF NOT EXISTS "appGestionInventario_detallesolicitud_detSolicitud_id_e2077e95" ON "appGestionInventario_detallesolicitud" ("detSolicitud_id");
CREATE INDEX IF NOT EXISTS "appGestionInventario_detallesolicitud_detUnidadMedida_id_7fd9c67a" ON "appGestionInventario_detallesolicitud" ("detUnidadMedida_id");
CREATE INDEX IF NOT EXISTS "appGestionInventario_detalleentradamaterial_detEntradaMaterial_id_b849c174" ON "appGestionInventario_detalleentradamaterial" ("detEntradaMaterial_id");
CREATE INDEX IF NOT EXISTS "appGestionInventario_detalleentradamaterial_detMaterial_id_b7da5470" ON "appGestionInventario_detalleentradamaterial" ("detMaterial_id");
CREATE INDEX IF NOT EXISTS "appGestionInventario_detalleentradamaterial_detUnidadMedida_id_a2b5a430" ON "appGestionInventario_detalleentradamaterial" ("detUnidadMedida_id");
CREATE INDEX IF NOT EXISTS "django_admin_log_content_type_id_c4bce8eb" ON "django_admin_log" ("content_type_id");
CREATE INDEX IF NOT EXISTS "django_admin_log_user_id_c564eba6" ON "django_admin_log" ("user_id");
CREATE INDEX IF NOT EXISTS "appGestionInventario_entradamaterial_entProveedor_id_ebe3f53d" ON "appGestionInventario_entradamaterial" ("entProveedor_id");
CREATE INDEX IF NOT EXISTS "appGestionInventario_entradamaterial_entUsuarioRecibe_id_a1347ef1" ON "appGestionInventario_entradamaterial" ("entUsuarioRecibe_id");
CREATE INDEX IF NOT EXISTS "appGestionInventario_ubicacionfisica_ubiElemento_id_2d2d9b6e" ON "appGestionInventario_ubicacionfisica" ("ubiElemento_id");
CREATE INDEX IF NOT EXISTS "django_session_expire_date_a5c62663" ON "django_session" ("expire_date");
CREATE TABLE IF NOT EXISTS "appGestionInventario_user" ("id" integer NOT NULL PRIMARY KEY AUTOINCREMENT, "password" varchar(128) NOT NULL, "last_login" datetime NULL, "is_superuser" bool NOT NULL, "username" varchar(150) NOT NULL UNIQUE, "first_name" varchar(150) NOT NULL, "last_name" varchar(150) NOT NULL, "is_staff" bool NOT NULL, "is_active" bool NOT NULL, "date_joined" datetime NOT NULL, "userFoto" varchar(100) NULL, "userTipo" varchar(15) NOT NULL, "email" varchar(254) NOT NULL UNIQUE, "fechaHoraCreacion" datetime NOT NULL, "fechaHoraActualizacion" datetime NOT NULL);
INSERT INTO "appGestionInventario_user" VALUES(1,'pbkdf2_sha256$600000$4ONw9IfGKCSKIr0gXi7OIH$hL6ODz2PoZKMTgoFnKjA1sOMQt21tNwXb6ET+lboR9c=','2023-10-05 18:06:12.547576',1,'Admin','Administrador','Sistema Inventario',1,1,'2023-10-05 16:58:29','','Instructor','inventarioconstruccioncies@gmail.com','2023-10-05 16:58:30.083355','2023-10-05 17:13:48.114456');
INSERT INTO "appGestionInventario_user" VALUES(2,'pbkdf2_sha256$600000$9xD8XdYIaxjRD1En4nlz4w$06+18vkPqS1tzFTEqrdhMLyg8rpmwWI1TwiJQtTfA+k=','2023-10-05 18:19:42.324556',0,'aguevaras@sena.edu.co','Alba Lorena','Guevara Silva',1,1,'2023-10-05 17:02:21','fotos/s200_alba_lorena.guevara_silva.jpg','Instructor','aguevaras@sena.edu.co','2023-10-05 17:02:22.159718','2023-10-05 17:06:22.873833');
INSERT INTO "appGestionInventario_user" VALUES(3,'pbkdf2_sha256$600000$UF0CFnBH2G0eYONxqx4rSK$y57Er/G0gC7AWK/6UBbORvx1mb+Zs6aTd73QCFr8g5Q=','2023-10-05 18:17:12.900861',0,'ccuellar@misena.edu.co','Csar Marino','Cullar Chacn',0,1,'2023-10-05 17:29:28','fotos/cesar.jfif','Instructor','ccuellar@misena.edu.co','2023-10-05 17:29:28.389112','2023-10-05 18:16:35.050766');
CREATE UNIQUE INDEX "django_content_type_app_label_model_76bd3d3b_uniq" ON "django_content_type" ("app_label", "model");
CREATE UNIQUE INDEX "auth_group_permissions_group_id_permission_id_0cd325b0_uniq" ON "auth_group_permissions" ("group_id", "permission_id");
CREATE INDEX IF NOT EXISTS "auth_group_permissions_group_id_b120cbf9" ON "auth_group_permissions" ("group_id");
CREATE INDEX IF NOT EXISTS "auth_group_permissions_permission_id_84c5c92e" ON "auth_group_permissions" ("permission_id");
CREATE UNIQUE INDEX "auth_permission_content_type_id_codename_01ab375a_uniq" ON "auth_permission" ("content_type_id", "codename");
CREATE INDEX IF NOT EXISTS "auth_permission_content_type_id_2f476e4b" ON "auth_permission" ("content_type_id");
CREATE UNIQUE INDEX "appGestionInventario_user_groups_user_id_group_id_84dd0188_uniq" ON "appGestionInventario_user_groups" ("user_id", "group_id");
CREATE INDEX IF NOT EXISTS "appGestionInventario_user_groups_user_id_8cf06a1f" ON "appGestionInventario_user_groups" ("user_id");
CREATE INDEX IF NOT EXISTS "appGestionInventario_user_groups_group_id_b9a16238" ON "appGestionInventario_user_groups" ("group_id");
CREATE UNIQUE INDEX "appGestionInventario_user_user_permissions_user_id_permission_id_63157aae_uniq" ON "appGestionInventario_user_user_permissions" ("user_id", "permission_id");
CREATE INDEX IF NOT EXISTS "appGestionInventario_user_user_permissions_user_id_cb412637" ON "appGestionInventario_user_user_permissions" ("user_id");
CREATE INDEX IF NOT EXISTS "appGestionInventario_user_user_permissions_permission_id_37a3a8c5" ON "appGestionInventario_user_user_permissions" ("permission_id");
CREATE INDEX IF NOT EXISTS "appGestionInventario_solicitudelemento_solFicha_id_a0b27756" ON "appGestionInventario_solicitudelemento" ("solFicha_id");
CREATE INDEX IF NOT EXISTS "appGestionInventario_solicitudelemento_solUsuario_id_72e8054b" ON "appGestionInventario_solicitudelemento" ("solUsuario_id");
CREATE INDEX IF NOT EXISTS "appGestionInventario_salidadetallesolicitud_salDetalleSolicitud_id_3983d06e" ON "appGestionInventario_salidadetallesolicitud" ("salDetalleSolicitud_id");
CREATE INDEX IF NOT EXISTS "appGestionInventario_material_matElemento_id_a0483d69" ON "appGestionInventario_material" ("matElemento_id");
CREATE INDEX IF NOT EXISTS "appGestionInventario_mantenimento_manElemento_id_fe8cdab4" ON "appGestionInventario_mantenimento" ("manElemento_id");
CREATE INDEX IF NOT EXISTS "appGestionInventario_mantenimento_manUsuario_id_7ba78625" ON "appGestionInventario_mantenimento" ("manUsuario_id");
CREATE INDEX IF NOT EXISTS "appGestionInventario_devolutivo_devElemento_id_d3dd6c96" ON "appGestionInventario_devolutivo" ("devElemento_id");
CREATE INDEX IF NOT EXISTS "appGestionInventario_devolucionelemento_devSalida_id_1a1b85f5" ON "appGestionInventario_devolucionelemento" ("devSalida_id");
CREATE INDEX IF NOT EXISTS "appGestionInventario_devolucionelemento_devUsuario_id_2810a484" ON "appGestionInventario_devolucionelemento" ("devUsuario_id");
CREATE INDEX IF NOT EXISTS "appGestionInventario_detallesolicitud_detElemento_id_c20b8c3f" ON "appGestionInventario_detallesolicitud" ("detElemento_id");
CREATE INDEX IF NOT EXISTS "appGestionInventario_detallesolicitud_detSolicitud_id_e2077e95" ON "appGestionInventario_detallesolicitud" ("detSolicitud_id");
CREATE INDEX IF NOT EXISTS "appGestionInventario_detallesolicitud_detUnidadMedida_id_7fd9c67a" ON "appGestionInventario_detallesolicitud" ("detUnidadMedida_id");
CREATE INDEX IF NOT EXISTS "appGestionInventario_detalleentradamaterial_detEntradaMaterial_id_b849c174" ON "appGestionInventario_detalleentradamaterial" ("detEntradaMaterial_id");
CREATE INDEX IF NOT EXISTS "appGestionInventario_detalleentradamaterial_detMaterial_id_b7da5470" ON "appGestionInventario_detalleentradamaterial" ("detMaterial_id");
CREATE INDEX IF NOT EXISTS "appGestionInventario_detalleentradamaterial_detUnidadMedida_id_a2b5a430" ON "appGestionInventario_detalleentradamaterial" ("detUnidadMedida_id");
CREATE INDEX IF NOT EXISTS "django_admin_log_content_type_id_c4bce8eb" ON "django_admin_log" ("content_type_id");
CREATE INDEX IF NOT EXISTS "django_admin_log_user_id_c564eba6" ON "django_admin_log" ("user_id");
CREATE INDEX IF NOT EXISTS "appGestionInventario_entradamaterial_entProveedor_id_ebe3f53d" ON "appGestionInventario_entradamaterial" ("entProveedor_id");
CREATE INDEX IF NOT EXISTS "appGestionInventario_entradamaterial_entUsuarioRecibe_id_a1347ef1" ON "appGestionInventario_entradamaterial" ("entUsuarioRecibe_id");
CREATE INDEX IF NOT EXISTS "appGestionInventario_ubicacionfisica_ubiElemento_id_2d2d9b6e" ON "appGestionInventario_ubicacionfisica" ("ubiElemento_id");
CREATE INDEX IF NOT EXISTS "django_session_expire_date_a5c62663" ON "django_session" ("expire_date");
CREATE TABLE IF NOT EXISTS "appGestionInventario_user_groups" ("id" integer NOT NULL PRIMARY KEY AUTOINCREMENT, "user_id" bigint NOT NULL REFERENCES "appGestionInventario_user" ("id") DEFERRABLE INITIALLY DEFERRED, "group_id" integer NOT NULL REFERENCES "auth_group" ("id") DEFERRABLE INITIALLY DEFERRED);
INSERT INTO "appGestionInventario_user_groups" VALUES(1,2,1);
INSERT INTO "appGestionInventario_user_groups" VALUES(2,3,2);
CREATE UNIQUE INDEX "django_content_type_app_label_model_76bd3d3b_uniq" ON "django_content_type" ("app_label", "model");
CREATE UNIQUE INDEX "auth_group_permissions_group_id_permission_id_0cd325b0_uniq" ON "auth_group_permissions" ("group_id", "permission_id");
CREATE INDEX IF NOT EXISTS "auth_group_permissions_group_id_b120cbf9" ON "auth_group_permissions" ("group_id");
CREATE INDEX IF NOT EXISTS "auth_group_permissions_permission_id_84c5c92e" ON "auth_group_permissions" ("permission_id");
CREATE UNIQUE INDEX "auth_permission_content_type_id_codename_01ab375a_uniq" ON "auth_permission" ("content_type_id", "codename");
CREATE INDEX IF NOT EXISTS "auth_permission_content_type_id_2f476e4b" ON "auth_permission" ("content_type_id");
CREATE UNIQUE INDEX "appGestionInventario_user_groups_user_id_group_id_84dd0188_uniq" ON "appGestionInventario_user_groups" ("user_id", "group_id");
CREATE INDEX IF NOT EXISTS "appGestionInventario_user_groups_user_id_8cf06a1f" ON "appGestionInventario_user_groups" ("user_id");
CREATE INDEX IF NOT EXISTS "appGestionInventario_user_groups_group_id_b9a16238" ON "appGestionInventario_user_groups" ("group_id");
CREATE UNIQUE INDEX "appGestionInventario_user_user_permissions_user_id_permission_id_63157aae_uniq" ON "appGestionInventario_user_user_permissions" ("user_id", "permission_id");
CREATE INDEX IF NOT EXISTS "appGestionInventario_user_user_permissions_user_id_cb412637" ON "appGestionInventario_user_user_permissions" ("user_id");
CREATE INDEX IF NOT EXISTS "appGestionInventario_user_user_permissions_permission_id_37a3a8c5" ON "appGestionInventario_user_user_permissions" ("permission_id");
CREATE INDEX IF NOT EXISTS "appGestionInventario_solicitudelemento_solFicha_id_a0b27756" ON "appGestionInventario_solicitudelemento" ("solFicha_id");
CREATE INDEX IF NOT EXISTS "appGestionInventario_solicitudelemento_solUsuario_id_72e8054b" ON "appGestionInventario_solicitudelemento" ("solUsuario_id");
CREATE INDEX IF NOT EXISTS "appGestionInventario_salidadetallesolicitud_salDetalleSolicitud_id_3983d06e" ON "appGestionInventario_salidadetallesolicitud" ("salDetalleSolicitud_id");
CREATE INDEX IF NOT EXISTS "appGestionInventario_material_matElemento_id_a0483d69" ON "appGestionInventario_material" ("matElemento_id");
CREATE INDEX IF NOT EXISTS "appGestionInventario_mantenimento_manElemento_id_fe8cdab4" ON "appGestionInventario_mantenimento" ("manElemento_id");
CREATE INDEX IF NOT EXISTS "appGestionInventario_mantenimento_manUsuario_id_7ba78625" ON "appGestionInventario_mantenimento" ("manUsuario_id");
CREATE INDEX IF NOT EXISTS "appGestionInventario_devolutivo_devElemento_id_d3dd6c96" ON "appGestionInventario_devolutivo" ("devElemento_id");
CREATE INDEX IF NOT EXISTS "appGestionInventario_devolucionelemento_devSalida_id_1a1b85f5" ON "appGestionInventario_devolucionelemento" ("devSalida_id");
CREATE INDEX IF NOT EXISTS "appGestionInventario_devolucionelemento_devUsuario_id_2810a484" ON "appGestionInventario_devolucionelemento" ("devUsuario_id");
CREATE INDEX IF NOT EXISTS "appGestionInventario_detallesolicitud_detElemento_id_c20b8c3f" ON "appGestionInventario_detallesolicitud" ("detElemento_id");
CREATE INDEX IF NOT EXISTS "appGestionInventario_detallesolicitud_detSolicitud_id_e2077e95" ON "appGestionInventario_detallesolicitud" ("detSolicitud_id");
CREATE INDEX IF NOT EXISTS "appGestionInventario_detallesolicitud_detUnidadMedida_id_7fd9c67a" ON "appGestionInventario_detallesolicitud" ("detUnidadMedida_id");
CREATE INDEX IF NOT EXISTS "appGestionInventario_detalleentradamaterial_detEntradaMaterial_id_b849c174" ON "appGestionInventario_detalleentradamaterial" ("detEntradaMaterial_id");
CREATE INDEX IF NOT EXISTS "appGestionInventario_detalleentradamaterial_detMaterial_id_b7da5470" ON "appGestionInventario_detalleentradamaterial" ("detMaterial_id");
CREATE INDEX IF NOT EXISTS "appGestionInventario_detalleentradamaterial_detUnidadMedida_id_a2b5a430" ON "appGestionInventario_detalleentradamaterial" ("detUnidadMedida_id");
CREATE INDEX IF NOT EXISTS "django_admin_log_content_type_id_c4bce8eb" ON "django_admin_log" ("content_type_id");
CREATE INDEX IF NOT EXISTS "django_admin_log_user_id_c564eba6" ON "django_admin_log" ("user_id");
CREATE INDEX IF NOT EXISTS "appGestionInventario_entradamaterial_entProveedor_id_ebe3f53d" ON "appGestionInventario_entradamaterial" ("entProveedor_id");
CREATE INDEX IF NOT EXISTS "appGestionInventario_entradamaterial_entUsuarioRecibe_id_a1347ef1" ON "appGestionInventario_entradamaterial" ("entUsuarioRecibe_id");
CREATE INDEX IF NOT EXISTS "appGestionInventario_ubicacionfisica_ubiElemento_id_2d2d9b6e" ON "appGestionInventario_ubicacionfisica" ("ubiElemento_id");
CREATE INDEX IF NOT EXISTS "django_session_expire_date_a5c62663" ON "django_session" ("expire_date");
CREATE TABLE IF NOT EXISTS "appGestionInventario_user_user_permissions" ("id" integer NOT NULL PRIMARY KEY AUTOINCREMENT, "user_id" bigint NOT NULL REFERENCES "appGestionInventario_user" ("id") DEFERRABLE INITIALLY DEFERRED, "permission_id" integer NOT NULL REFERENCES "auth_permission" ("id") DEFERRABLE INITIALLY DEFERRED);
CREATE UNIQUE INDEX "django_content_type_app_label_model_76bd3d3b_uniq" ON "django_content_type" ("app_label", "model");
CREATE UNIQUE INDEX "auth_group_permissions_group_id_permission_id_0cd325b0_uniq" ON "auth_group_permissions" ("group_id", "permission_id");
CREATE INDEX IF NOT EXISTS "auth_group_permissions_group_id_b120cbf9" ON "auth_group_permissions" ("group_id");
CREATE INDEX IF NOT EXISTS "auth_group_permissions_permission_id_84c5c92e" ON "auth_group_permissions" ("permission_id");
CREATE UNIQUE INDEX "auth_permission_content_type_id_codename_01ab375a_uniq" ON "auth_permission" ("content_type_id", "codename");
CREATE INDEX IF NOT EXISTS "auth_permission_content_type_id_2f476e4b" ON "auth_permission" ("content_type_id");
CREATE UNIQUE INDEX "appGestionInventario_user_groups_user_id_group_id_84dd0188_uniq" ON "appGestionInventario_user_groups" ("user_id", "group_id");
CREATE INDEX IF NOT EXISTS "appGestionInventario_user_groups_user_id_8cf06a1f" ON "appGestionInventario_user_groups" ("user_id");
CREATE INDEX IF NOT EXISTS "appGestionInventario_user_groups_group_id_b9a16238" ON "appGestionInventario_user_groups" ("group_id");
CREATE UNIQUE INDEX "appGestionInventario_user_user_permissions_user_id_permission_id_63157aae_uniq" ON "appGestionInventario_user_user_permissions" ("user_id", "permission_id");
CREATE INDEX IF NOT EXISTS "appGestionInventario_user_user_permissions_user_id_cb412637" ON "appGestionInventario_user_user_permissions" ("user_id");
CREATE INDEX IF NOT EXISTS "appGestionInventario_user_user_permissions_permission_id_37a3a8c5" ON "appGestionInventario_user_user_permissions" ("permission_id");
CREATE INDEX IF NOT EXISTS "appGestionInventario_solicitudelemento_solFicha_id_a0b27756" ON "appGestionInventario_solicitudelemento" ("solFicha_id");
CREATE INDEX IF NOT EXISTS "appGestionInventario_solicitudelemento_solUsuario_id_72e8054b" ON "appGestionInventario_solicitudelemento" ("solUsuario_id");
CREATE INDEX IF NOT EXISTS "appGestionInventario_salidadetallesolicitud_salDetalleSolicitud_id_3983d06e" ON "appGestionInventario_salidadetallesolicitud" ("salDetalleSolicitud_id");
CREATE INDEX IF NOT EXISTS "appGestionInventario_material_matElemento_id_a0483d69" ON "appGestionInventario_material" ("matElemento_id");
CREATE INDEX IF NOT EXISTS "appGestionInventario_mantenimento_manElemento_id_fe8cdab4" ON "appGestionInventario_mantenimento" ("manElemento_id");
CREATE INDEX IF NOT EXISTS "appGestionInventario_mantenimento_manUsuario_id_7ba78625" ON "appGestionInventario_mantenimento" ("manUsuario_id");
CREATE INDEX IF NOT EXISTS "appGestionInventario_devolutivo_devElemento_id_d3dd6c96" ON "appGestionInventario_devolutivo" ("devElemento_id");
CREATE INDEX IF NOT EXISTS "appGestionInventario_devolucionelemento_devSalida_id_1a1b85f5" ON "appGestionInventario_devolucionelemento" ("devSalida_id");
CREATE INDEX IF NOT EXISTS "appGestionInventario_devolucionelemento_devUsuario_id_2810a484" ON "appGestionInventario_devolucionelemento" ("devUsuario_id");
CREATE INDEX IF NOT EXISTS "appGestionInventario_detallesolicitud_detElemento_id_c20b8c3f" ON "appGestionInventario_detallesolicitud" ("detElemento_id");
CREATE INDEX IF NOT EXISTS "appGestionInventario_detallesolicitud_detSolicitud_id_e2077e95" ON "appGestionInventario_detallesolicitud" ("detSolicitud_id");
CREATE INDEX IF NOT EXISTS "appGestionInventario_detallesolicitud_detUnidadMedida_id_7fd9c67a" ON "appGestionInventario_detallesolicitud" ("detUnidadMedida_id");
CREATE INDEX IF NOT EXISTS "appGestionInventario_detalleentradamaterial_detEntradaMaterial_id_b849c174" ON "appGestionInventario_detalleentradamaterial" ("detEntradaMaterial_id");
CREATE INDEX IF NOT EXISTS "appGestionInventario_detalleentradamaterial_detMaterial_id_b7da5470" ON "appGestionInventario_detalleentradamaterial" ("detMaterial_id");
CREATE INDEX IF NOT EXISTS "appGestionInventario_detalleentradamaterial_detUnidadMedida_id_a2b5a430" ON "appGestionInventario_detalleentradamaterial" ("detUnidadMedida_id");
CREATE INDEX IF NOT EXISTS "django_admin_log_content_type_id_c4bce8eb" ON "django_admin_log" ("content_type_id");
CREATE INDEX IF NOT EXISTS "django_admin_log_user_id_c564eba6" ON "django_admin_log" ("user_id");
CREATE INDEX IF NOT EXISTS "appGestionInventario_entradamaterial_entProveedor_id_ebe3f53d" ON "appGestionInventario_entradamaterial" ("entProveedor_id");
CREATE INDEX IF NOT EXISTS "appGestionInventario_entradamaterial_entUsuarioRecibe_id_a1347ef1" ON "appGestionInventario_entradamaterial" ("entUsuarioRecibe_id");
CREATE INDEX IF NOT EXISTS "appGestionInventario_ubicacionfisica_ubiElemento_id_2d2d9b6e" ON "appGestionInventario_ubicacionfisica" ("ubiElemento_id");
CREATE INDEX IF NOT EXISTS "django_session_expire_date_a5c62663" ON "django_session" ("expire_date");
CREATE TABLE IF NOT EXISTS "auth_group" ("id" integer NOT NULL PRIMARY KEY AUTOINCREMENT, "name" varchar(150) NOT NULL UNIQUE);
INSERT INTO "auth_group" VALUES(1,'Administrador');
INSERT INTO "auth_group" VALUES(2,'Instructor');
INSERT INTO "auth_group" VALUES(3,'Asistente');
CREATE UNIQUE INDEX "django_content_type_app_label_model_76bd3d3b_uniq" ON "django_content_type" ("app_label", "model");
CREATE UNIQUE INDEX "auth_group_permissions_group_id_permission_id_0cd325b0_uniq" ON "auth_group_permissions" ("group_id", "permission_id");
CREATE INDEX IF NOT EXISTS "auth_group_permissions_group_id_b120cbf9" ON "auth_group_permissions" ("group_id");
CREATE INDEX IF NOT EXISTS "auth_group_permissions_permission_id_84c5c92e" ON "auth_group_permissions" ("permission_id");
CREATE UNIQUE INDEX "auth_permission_content_type_id_codename_01ab375a_uniq" ON "auth_permission" ("content_type_id", "codename");
CREATE INDEX IF NOT EXISTS "auth_permission_content_type_id_2f476e4b" ON "auth_permission" ("content_type_id");
CREATE UNIQUE INDEX "appGestionInventario_user_groups_user_id_group_id_84dd0188_uniq" ON "appGestionInventario_user_groups" ("user_id", "group_id");
CREATE INDEX IF NOT EXISTS "appGestionInventario_user_groups_user_id_8cf06a1f" ON "appGestionInventario_user_groups" ("user_id");
CREATE INDEX IF NOT EXISTS "appGestionInventario_user_groups_group_id_b9a16238" ON "appGestionInventario_user_groups" ("group_id");
CREATE UNIQUE INDEX "appGestionInventario_user_user_permissions_user_id_permission_id_63157aae_uniq" ON "appGestionInventario_user_user_permissions" ("user_id", "permission_id");
CREATE INDEX IF NOT EXISTS "appGestionInventario_user_user_permissions_user_id_cb412637" ON "appGestionInventario_user_user_permissions" ("user_id");
CREATE INDEX IF NOT EXISTS "appGestionInventario_user_user_permissions_permission_id_37a3a8c5" ON "appGestionInventario_user_user_permissions" ("permission_id");
CREATE INDEX IF NOT EXISTS "appGestionInventario_solicitudelemento_solFicha_id_a0b27756" ON "appGestionInventario_solicitudelemento" ("solFicha_id");
CREATE INDEX IF NOT EXISTS "appGestionInventario_solicitudelemento_solUsuario_id_72e8054b" ON "appGestionInventario_solicitudelemento" ("solUsuario_id");
CREATE INDEX IF NOT EXISTS "appGestionInventario_salidadetallesolicitud_salDetalleSolicitud_id_3983d06e" ON "appGestionInventario_salidadetallesolicitud" ("salDetalleSolicitud_id");
CREATE INDEX IF NOT EXISTS "appGestionInventario_material_matElemento_id_a0483d69" ON "appGestionInventario_material" ("matElemento_id");
CREATE INDEX IF NOT EXISTS "appGestionInventario_mantenimento_manElemento_id_fe8cdab4" ON "appGestionInventario_mantenimento" ("manElemento_id");
CREATE INDEX IF NOT EXISTS "appGestionInventario_mantenimento_manUsuario_id_7ba78625" ON "appGestionInventario_mantenimento" ("manUsuario_id");
CREATE INDEX IF NOT EXISTS "appGestionInventario_devolutivo_devElemento_id_d3dd6c96" ON "appGestionInventario_devolutivo" ("devElemento_id");
CREATE INDEX IF NOT EXISTS "appGestionInventario_devolucionelemento_devSalida_id_1a1b85f5" ON "appGestionInventario_devolucionelemento" ("devSalida_id");
CREATE INDEX IF NOT EXISTS "appGestionInventario_devolucionelemento_devUsuario_id_2810a484" ON "appGestionInventario_devolucionelemento" ("devUsuario_id");
CREATE INDEX IF NOT EXISTS "appGestionInventario_detallesolicitud_detElemento_id_c20b8c3f" ON "appGestionInventario_detallesolicitud" ("detElemento_id");
CREATE INDEX IF NOT EXISTS "appGestionInventario_detallesolicitud_detSolicitud_id_e2077e95" ON "appGestionInventario_detallesolicitud" ("detSolicitud_id");
CREATE INDEX IF NOT EXISTS "appGestionInventario_detallesolicitud_detUnidadMedida_id_7fd9c67a" ON "appGestionInventario_detallesolicitud" ("detUnidadMedida_id");
CREATE INDEX IF NOT EXISTS "appGestionInventario_detalleentradamaterial_detEntradaMaterial_id_b849c174" ON "appGestionInventario_detalleentradamaterial" ("detEntradaMaterial_id");
CREATE INDEX IF NOT EXISTS "appGestionInventario_detalleentradamaterial_detMaterial_id_b7da5470" ON "appGestionInventario_detalleentradamaterial" ("detMaterial_id");
CREATE INDEX IF NOT EXISTS "appGestionInventario_detalleentradamaterial_detUnidadMedida_id_a2b5a430" ON "appGestionInventario_detalleentradamaterial" ("detUnidadMedida_id");
CREATE INDEX IF NOT EXISTS "django_admin_log_content_type_id_c4bce8eb" ON "django_admin_log" ("content_type_id");
CREATE INDEX IF NOT EXISTS "django_admin_log_user_id_c564eba6" ON "django_admin_log" ("user_id");
CREATE INDEX IF NOT EXISTS "appGestionInventario_entradamaterial_entProveedor_id_ebe3f53d" ON "appGestionInventario_entradamaterial" ("entProveedor_id");
CREATE INDEX IF NOT EXISTS "appGestionInventario_entradamaterial_entUsuarioRecibe_id_a1347ef1" ON "appGestionInventario_entradamaterial" ("entUsuarioRecibe_id");
CREATE INDEX IF NOT EXISTS "appGestionInventario_ubicacionfisica_ubiElemento_id_2d2d9b6e" ON "appGestionInventario_ubicacionfisica" ("ubiElemento_id");
CREATE INDEX IF NOT EXISTS "django_session_expire_date_a5c62663" ON "django_session" ("expire_date");
CREATE TABLE IF NOT EXISTS "auth_group_permissions" ("id" integer NOT NULL PRIMARY KEY AUTOINCREMENT, "group_id" integer NOT NULL REFERENCES "auth_group" ("id") DEFERRABLE INITIALLY DEFERRED, "permission_id" integer NOT NULL REFERENCES "auth_permission" ("id") DEFERRABLE INITIALLY DEFERRED);
INSERT INTO "auth_group_permissions" VALUES(1,1,21);
INSERT INTO "auth_group_permissions" VALUES(2,1,22);
INSERT INTO "auth_group_permissions" VALUES(3,1,23);
INSERT INTO "auth_group_permissions" VALUES(4,1,24);
INSERT INTO "auth_group_permissions" VALUES(5,1,25);
INSERT INTO "auth_group_permissions" VALUES(6,1,26);
INSERT INTO "auth_group_permissions" VALUES(7,1,27);
INSERT INTO "auth_group_permissions" VALUES(8,1,28);
INSERT INTO "auth_group_permissions" VALUES(9,1,29);
INSERT INTO "auth_group_permissions" VALUES(10,1,30);
INSERT INTO "auth_group_permissions" VALUES(11,1,31);
INSERT INTO "auth_group_permissions" VALUES(12,1,32);
INSERT INTO "auth_group_permissions" VALUES(13,1,33);
INSERT INTO "auth_group_permissions" VALUES(14,1,34);
INSERT INTO "auth_group_permissions" VALUES(15,1,35);
INSERT INTO "auth_group_permissions" VALUES(16,1,36);
INSERT INTO "auth_group_permissions" VALUES(17,1,37);
INSERT INTO "auth_group_permissions" VALUES(18,1,38);
INSERT INTO "auth_group_permissions" VALUES(19,1,39);
INSERT INTO "auth_group_permissions" VALUES(20,1,40);
INSERT INTO "auth_group_permissions" VALUES(21,1,41);
INSERT INTO "auth_group_permissions" VALUES(22,1,42);
INSERT INTO "auth_group_permissions" VALUES(23,1,43);
INSERT INTO "auth_group_permissions" VALUES(24,1,44);
INSERT INTO "auth_group_permissions" VALUES(25,1,45);
INSERT INTO "auth_group_permissions" VALUES(26,1,46);
INSERT INTO "auth_group_permissions" VALUES(27,1,47);
INSERT INTO "auth_group_permissions" VALUES(28,1,48);
INSERT INTO "auth_group_permissions" VALUES(29,1,49);
INSERT INTO "auth_group_permissions" VALUES(30,1,50);
INSERT INTO "auth_group_permissions" VALUES(31,1,51);
INSERT INTO "auth_group_permissions" VALUES(32,1,52);
INSERT INTO "auth_group_permissions" VALUES(33,1,53);
INSERT INTO "auth_group_permissions" VALUES(34,1,54);
INSERT INTO "auth_group_permissions" VALUES(35,1,55);
INSERT INTO "auth_group_permissions" VALUES(36,1,56);
INSERT INTO "auth_group_permissions" VALUES(37,1,57);
INSERT INTO "auth_group_permissions" VALUES(38,1,58);
INSERT INTO "auth_group_permissions" VALUES(39,1,59);
INSERT INTO "auth_group_permissions" VALUES(40,1,60);
INSERT INTO "auth_group_permissions" VALUES(41,1,61);
INSERT INTO "auth_group_permissions" VALUES(42,1,62);
INSERT INTO "auth_group_permissions" VALUES(43,1,63);
INSERT INTO "auth_group_permissions" VALUES(44,1,64);
INSERT INTO "auth_group_permissions" VALUES(45,1,65);
INSERT INTO "auth_group_permissions" VALUES(46,1,66);
INSERT INTO "auth_group_permissions" VALUES(47,1,67);
INSERT INTO "auth_group_permissions" VALUES(48,1,68);
INSERT INTO "auth_group_permissions" VALUES(49,1,69);
INSERT INTO "auth_group_permissions" VALUES(50,1,70);
INSERT INTO "auth_group_permissions" VALUES(51,1,71);
INSERT INTO "auth_group_permissions" VALUES(52,1,72);
INSERT INTO "auth_group_permissions" VALUES(53,1,73);
INSERT INTO "auth_group_permissions" VALUES(54,1,74);
INSERT INTO "auth_group_permissions" VALUES(55,1,75);
INSERT INTO "auth_group_permissions" VALUES(56,1,76);
INSERT INTO "auth_group_permissions" VALUES(57,1,77);
INSERT INTO "auth_group_permissions" VALUES(58,1,78);
INSERT INTO "auth_group_permissions" VALUES(59,1,79);
INSERT INTO "auth_group_permissions" VALUES(60,1,80);
INSERT INTO "auth_group_permissions" VALUES(61,1,81);
INSERT INTO "auth_group_permissions" VALUES(62,1,82);
INSERT INTO "auth_group_permissions" VALUES(63,1,83);
INSERT INTO "auth_group_permissions" VALUES(64,1,84);
INSERT INTO "auth_group_permissions" VALUES(65,2,21);
INSERT INTO "auth_group_permissions" VALUES(66,2,22);
INSERT INTO "auth_group_permissions" VALUES(67,2,23);
INSERT INTO "auth_group_permissions" VALUES(68,2,24);
INSERT INTO "auth_group_permissions" VALUES(69,2,25);
INSERT INTO "auth_group_permissions" VALUES(70,2,26);
INSERT INTO "auth_group_permissions" VALUES(71,2,27);
INSERT INTO "auth_group_permissions" VALUES(72,2,28);
INSERT INTO "auth_group_permissions" VALUES(73,2,29);
INSERT INTO "auth_group_permissions" VALUES(74,2,30);
INSERT INTO "auth_group_permissions" VALUES(75,2,31);
INSERT INTO "auth_group_permissions" VALUES(76,2,32);
INSERT INTO "auth_group_permissions" VALUES(77,2,33);
INSERT INTO "auth_group_permissions" VALUES(78,2,34);
INSERT INTO "auth_group_permissions" VALUES(79,2,35);
INSERT INTO "auth_group_permissions" VALUES(80,2,36);
INSERT INTO "auth_group_permissions" VALUES(81,2,37);
INSERT INTO "auth_group_permissions" VALUES(82,2,38);
INSERT INTO "auth_group_permissions" VALUES(83,2,39);
INSERT INTO "auth_group_permissions" VALUES(84,2,40);
INSERT INTO "auth_group_permissions" VALUES(85,2,41);
INSERT INTO "auth_group_permissions" VALUES(86,2,42);
INSERT INTO "auth_group_permissions" VALUES(87,2,43);
INSERT INTO "auth_group_permissions" VALUES(88,2,44);
INSERT INTO "auth_group_permissions" VALUES(89,2,45);
INSERT INTO "auth_group_permissions" VALUES(90,2,46);
INSERT INTO "auth_group_permissions" VALUES(91,2,47);
INSERT INTO "auth_group_permissions" VALUES(92,2,48);
INSERT INTO "auth_group_permissions" VALUES(93,2,49);
INSERT INTO "auth_group_permissions" VALUES(94,2,50);
INSERT INTO "auth_group_permissions" VALUES(95,2,51);
INSERT INTO "auth_group_permissions" VALUES(96,2,52);
INSERT INTO "auth_group_permissions" VALUES(97,2,53);
INSERT INTO "auth_group_permissions" VALUES(98,2,54);
INSERT INTO "auth_group_permissions" VALUES(99,2,55);
INSERT INTO "auth_group_permissions" VALUES(100,2,56);
INSERT INTO "auth_group_permissions" VALUES(101,2,57);
INSERT INTO "auth_group_permissions" VALUES(102,2,58);
INSERT INTO "auth_group_permissions" VALUES(103,2,59);
INSERT INTO "auth_group_permissions" VALUES(104,2,60);
INSERT INTO "auth_group_permissions" VALUES(105,2,61);
INSERT INTO "auth_group_permissions" VALUES(106,2,62);
INSERT INTO "auth_group_permissions" VALUES(107,2,63);
INSERT INTO "auth_group_permissions" VALUES(108,2,64);
INSERT INTO "auth_group_permissions" VALUES(109,2,65);
INSERT INTO "auth_group_permissions" VALUES(110,2,66);
INSERT INTO "auth_group_permissions" VALUES(111,2,67);
INSERT INTO "auth_group_permissions" VALUES(112,2,68);
INSERT INTO "auth_group_permissions" VALUES(113,2,69);
INSERT INTO "auth_group_permissions" VALUES(114,2,70);
INSERT INTO "auth_group_permissions" VALUES(115,2,71);
INSERT INTO "auth_group_permissions" VALUES(116,2,72);
INSERT INTO "auth_group_permissions" VALUES(117,2,73);
INSERT INTO "auth_group_permissions" VALUES(118,2,74);
INSERT INTO "auth_group_permissions" VALUES(119,2,75);
INSERT INTO "auth_group_permissions" VALUES(120,2,76);
INSERT INTO "auth_group_permissions" VALUES(121,2,77);
INSERT INTO "auth_group_permissions" VALUES(122,2,78);
INSERT INTO "auth_group_permissions" VALUES(123,2,79);
INSERT INTO "auth_group_permissions" VALUES(124,2,80);
INSERT INTO "auth_group_permissions" VALUES(125,2,81);
INSERT INTO "auth_group_permissions" VALUES(126,2,82);
INSERT INTO "auth_group_permissions" VALUES(127,2,83);
INSERT INTO "auth_group_permissions" VALUES(128,2,84);
INSERT INTO "auth_group_permissions" VALUES(129,3,21);
INSERT INTO "auth_group_permissions" VALUES(130,3,22);
INSERT INTO "auth_group_permissions" VALUES(131,3,23);
INSERT INTO "auth_group_permissions" VALUES(132,3,24);
INSERT INTO "auth_group_permissions" VALUES(133,3,25);
INSERT INTO "auth_group_permissions" VALUES(134,3,26);
INSERT INTO "auth_group_permissions" VALUES(135,3,27);
INSERT INTO "auth_group_permissions" VALUES(136,3,28);
INSERT INTO "auth_group_permissions" VALUES(137,3,29);
INSERT INTO "auth_group_permissions" VALUES(138,3,30);
INSERT INTO "auth_group_permissions" VALUES(139,3,31);
INSERT INTO "auth_group_permissions" VALUES(140,3,32);
INSERT INTO "auth_group_permissions" VALUES(141,3,33);
INSERT INTO "auth_group_permissions" VALUES(142,3,34);
INSERT INTO "auth_group_permissions" VALUES(143,3,35);
INSERT INTO "auth_group_permissions" VALUES(144,3,36);
INSERT INTO "auth_group_permissions" VALUES(145,3,37);
INSERT INTO "auth_group_permissions" VALUES(146,3,38);
INSERT INTO "auth_group_permissions" VALUES(147,3,39);
INSERT INTO "auth_group_permissions" VALUES(148,3,40);
INSERT INTO "auth_group_permissions" VALUES(149,3,41);
INSERT INTO "auth_group_permissions" VALUES(150,3,42);
INSERT INTO "auth_group_permissions" VALUES(151,3,43);
INSERT INTO "auth_group_permissions" VALUES(152,3,44);
INSERT INTO "auth_group_permissions" VALUES(153,3,45);
INSERT INTO "auth_group_permissions" VALUES(154,3,46);
INSERT INTO "auth_group_permissions" VALUES(155,3,47);
INSERT INTO "auth_group_permissions" VALUES(156,3,48);
INSERT INTO "auth_group_permissions" VALUES(157,3,49);
INSERT INTO "auth_group_permissions" VALUES(158,3,50);
INSERT INTO "auth_group_permissions" VALUES(159,3,51);
INSERT INTO "auth_group_permissions" VALUES(160,3,52);
INSERT INTO "auth_group_permissions" VALUES(161,3,53);
INSERT INTO "auth_group_permissions" VALUES(162,3,54);
INSERT INTO "auth_group_permissions" VALUES(163,3,55);
INSERT INTO "auth_group_permissions" VALUES(164,3,56);
INSERT INTO "auth_group_permissions" VALUES(165,3,57);
INSERT INTO "auth_group_permissions" VALUES(166,3,58);
INSERT INTO "auth_group_permissions" VALUES(167,3,59);
INSERT INTO "auth_group_permissions" VALUES(168,3,60);
INSERT INTO "auth_group_permissions" VALUES(169,3,61);
INSERT INTO "auth_group_permissions" VALUES(170,3,62);
INSERT INTO "auth_group_permissions" VALUES(171,3,63);
INSERT INTO "auth_group_permissions" VALUES(172,3,64);
INSERT INTO "auth_group_permissions" VALUES(173,3,65);
INSERT INTO "auth_group_permissions" VALUES(174,3,66);
INSERT INTO "auth_group_permissions" VALUES(175,3,67);
INSERT INTO "auth_group_permissions" VALUES(176,3,68);
INSERT INTO "auth_group_permissions" VALUES(177,3,69);
INSERT INTO "auth_group_permissions" VALUES(178,3,70);
INSERT INTO "auth_group_permissions" VALUES(179,3,71);
INSERT INTO "auth_group_permissions" VALUES(180,3,72);
INSERT INTO "auth_group_permissions" VALUES(181,3,73);
INSERT INTO "auth_group_permissions" VALUES(182,3,74);
INSERT INTO "auth_group_permissions" VALUES(183,3,75);
INSERT INTO "auth_group_permissions" VALUES(184,3,76);
INSERT INTO "auth_group_permissions" VALUES(185,3,77);
INSERT INTO "auth_group_permissions" VALUES(186,3,78);
INSERT INTO "auth_group_permissions" VALUES(187,3,79);
INSERT INTO "auth_group_permissions" VALUES(188,3,80);
INSERT INTO "auth_group_permissions" VALUES(189,3,81);
INSERT INTO "auth_group_permissions" VALUES(190,3,82);
INSERT INTO "auth_group_permissions" VALUES(191,3,83);
INSERT INTO "auth_group_permissions" VALUES(192,3,84);
CREATE UNIQUE INDEX "django_content_type_app_label_model_76bd3d3b_uniq" ON "django_content_type" ("app_label", "model");
CREATE UNIQUE INDEX "auth_group_permissions_group_id_permission_id_0cd325b0_uniq" ON "auth_group_permissions" ("group_id", "permission_id");
CREATE INDEX IF NOT EXISTS "auth_group_permissions_group_id_b120cbf9" ON "auth_group_permissions" ("group_id");
CREATE INDEX IF NOT EXISTS "auth_group_permissions_permission_id_84c5c92e" ON "auth_group_permissions" ("permission_id");
CREATE UNIQUE INDEX "auth_permission_content_type_id_codename_01ab375a_uniq" ON "auth_permission" ("content_type_id", "codename");
CREATE INDEX IF NOT EXISTS "auth_permission_content_type_id_2f476e4b" ON "auth_permission" ("content_type_id");
CREATE UNIQUE INDEX "appGestionInventario_user_groups_user_id_group_id_84dd0188_uniq" ON "appGestionInventario_user_groups" ("user_id", "group_id");
CREATE INDEX IF NOT EXISTS "appGestionInventario_user_groups_user_id_8cf06a1f" ON "appGestionInventario_user_groups" ("user_id");
CREATE INDEX IF NOT EXISTS "appGestionInventario_user_groups_group_id_b9a16238" ON "appGestionInventario_user_groups" ("group_id");
CREATE UNIQUE INDEX "appGestionInventario_user_user_permissions_user_id_permission_id_63157aae_uniq" ON "appGestionInventario_user_user_permissions" ("user_id", "permission_id");
CREATE INDEX IF NOT EXISTS "appGestionInventario_user_user_permissions_user_id_cb412637" ON "appGestionInventario_user_user_permissions" ("user_id");
CREATE INDEX IF NOT EXISTS "appGestionInventario_user_user_permissions_permission_id_37a3a8c5" ON "appGestionInventario_user_user_permissions" ("permission_id");
CREATE INDEX IF NOT EXISTS "appGestionInventario_solicitudelemento_solFicha_id_a0b27756" ON "appGestionInventario_solicitudelemento" ("solFicha_id");
CREATE INDEX IF NOT EXISTS "appGestionInventario_solicitudelemento_solUsuario_id_72e8054b" ON "appGestionInventario_solicitudelemento" ("solUsuario_id");
CREATE INDEX IF NOT EXISTS "appGestionInventario_salidadetallesolicitud_salDetalleSolicitud_id_3983d06e" ON "appGestionInventario_salidadetallesolicitud" ("salDetalleSolicitud_id");
CREATE INDEX IF NOT EXISTS "appGestionInventario_material_matElemento_id_a0483d69" ON "appGestionInventario_material" ("matElemento_id");
CREATE INDEX IF NOT EXISTS "appGestionInventario_mantenimento_manElemento_id_fe8cdab4" ON "appGestionInventario_mantenimento" ("manElemento_id");
CREATE INDEX IF NOT EXISTS "appGestionInventario_mantenimento_manUsuario_id_7ba78625" ON "appGestionInventario_mantenimento" ("manUsuario_id");
CREATE INDEX IF NOT EXISTS "appGestionInventario_devolutivo_devElemento_id_d3dd6c96" ON "appGestionInventario_devolutivo" ("devElemento_id");
CREATE INDEX IF NOT EXISTS "appGestionInventario_devolucionelemento_devSalida_id_1a1b85f5" ON "appGestionInventario_devolucionelemento" ("devSalida_id");
CREATE INDEX IF NOT EXISTS "appGestionInventario_devolucionelemento_devUsuario_id_2810a484" ON "appGestionInventario_devolucionelemento" ("devUsuario_id");
CREATE INDEX IF NOT EXISTS "appGestionInventario_detallesolicitud_detElemento_id_c20b8c3f" ON "appGestionInventario_detallesolicitud" ("detElemento_id");
CREATE INDEX IF NOT EXISTS "appGestionInventario_detallesolicitud_detSolicitud_id_e2077e95" ON "appGestionInventario_detallesolicitud" ("detSolicitud_id");
CREATE INDEX IF NOT EXISTS "appGestionInventario_detallesolicitud_detUnidadMedida_id_7fd9c67a" ON "appGestionInventario_detallesolicitud" ("detUnidadMedida_id");
CREATE INDEX IF NOT EXISTS "appGestionInventario_detalleentradamaterial_detEntradaMaterial_id_b849c174" ON "appGestionInventario_detalleentradamaterial" ("detEntradaMaterial_id");
CREATE INDEX IF NOT EXISTS "appGestionInventario_detalleentradamaterial_detMaterial_id_b7da5470" ON "appGestionInventario_detalleentradamaterial" ("detMaterial_id");
CREATE INDEX IF NOT EXISTS "appGestionInventario_detalleentradamaterial_detUnidadMedida_id_a2b5a430" ON "appGestionInventario_detalleentradamaterial" ("detUnidadMedida_id");
CREATE INDEX IF NOT EXISTS "django_admin_log_content_type_id_c4bce8eb" ON "django_admin_log" ("content_type_id");
CREATE INDEX IF NOT EXISTS "django_admin_log_user_id_c564eba6" ON "django_admin_log" ("user_id");
CREATE INDEX IF NOT EXISTS "appGestionInventario_entradamaterial_entProveedor_id_ebe3f53d" ON "appGestionInventario_entradamaterial" ("entProveedor_id");
CREATE INDEX IF NOT EXISTS "appGestionInventario_entradamaterial_entUsuarioRecibe_id_a1347ef1" ON "appGestionInventario_entradamaterial" ("entUsuarioRecibe_id");
CREATE INDEX IF NOT EXISTS "appGestionInventario_ubicacionfisica_ubiElemento_id_2d2d9b6e" ON "appGestionInventario_ubicacionfisica" ("ubiElemento_id");
CREATE INDEX IF NOT EXISTS "django_session_expire_date_a5c62663" ON "django_session" ("expire_date");
CREATE TABLE IF NOT EXISTS "auth_permission" ("id" integer NOT NULL PRIMARY KEY AUTOINCREMENT, "content_type_id" integer NOT NULL REFERENCES "django_content_type" ("id") DEFERRABLE INITIALLY DEFERRED, "codename" varchar(100) NOT NULL, "name" varchar(255) NOT NULL);
INSERT INTO "auth_permission" VALUES(1,1,'add_logentry','Can add log entry');
INSERT INTO "auth_permission" VALUES(2,1,'change_logentry','Can change log entry');
INSERT INTO "auth_permission" VALUES(3,1,'delete_logentry','Can delete log entry');
INSERT INTO "auth_permission" VALUES(4,1,'view_logentry','Can view log entry');
INSERT INTO "auth_permission" VALUES(5,2,'add_permission','Can add permission');
INSERT INTO "auth_permission" VALUES(6,2,'change_permission','Can change permission');
INSERT INTO "auth_permission" VALUES(7,2,'delete_permission','Can delete permission');
INSERT INTO "auth_permission" VALUES(8,2,'view_permission','Can view permission');
INSERT INTO "auth_permission" VALUES(9,3,'add_group','Can add group');
INSERT INTO "auth_permission" VALUES(10,3,'change_group','Can change group');
INSERT INTO "auth_permission" VALUES(11,3,'delete_group','Can delete group');
INSERT INTO "auth_permission" VALUES(12,3,'view_group','Can view group');
INSERT INTO "auth_permission" VALUES(13,4,'add_contenttype','Can add content type');
INSERT INTO "auth_permission" VALUES(14,4,'change_contenttype','Can change content type');
INSERT INTO "auth_permission" VALUES(15,4,'delete_contenttype','Can delete content type');
INSERT INTO "auth_permission" VALUES(16,4,'view_contenttype','Can view content type');
INSERT INTO "auth_permission" VALUES(17,5,'add_session','Can add session');
INSERT INTO "auth_permission" VALUES(18,5,'change_session','Can change session');
INSERT INTO "auth_permission" VALUES(19,5,'delete_session','Can delete session');
INSERT INTO "auth_permission" VALUES(20,5,'view_session','Can view session');
INSERT INTO "auth_permission" VALUES(21,6,'add_user','Can add user');
INSERT INTO "auth_permission" VALUES(22,6,'change_user','Can change user');
INSERT INTO "auth_permission" VALUES(23,6,'delete_user','Can delete user');
INSERT INTO "auth_permission" VALUES(24,6,'view_user','Can view user');
INSERT INTO "auth_permission" VALUES(25,7,'add_detallesolicitud','Can add detalle solicitud');
INSERT INTO "auth_permission" VALUES(26,7,'change_detallesolicitud','Can change detalle solicitud');
INSERT INTO "auth_permission" VALUES(27,7,'delete_detallesolicitud','Can delete detalle solicitud');
INSERT INTO "auth_permission" VALUES(28,7,'view_detallesolicitud','Can view detalle solicitud');
INSERT INTO "auth_permission" VALUES(29,8,'add_devolutivo','Can add devolutivo');
INSERT INTO "auth_permission" VALUES(30,8,'change_devolutivo','Can change devolutivo');
INSERT INTO "auth_permission" VALUES(31,8,'delete_devolutivo','Can delete devolutivo');
INSERT INTO "auth_permission" VALUES(32,8,'view_devolutivo','Can view devolutivo');
INSERT INTO "auth_permission" VALUES(33,9,'add_elemento','Can add elemento');
INSERT INTO "auth_permission" VALUES(34,9,'change_elemento','Can change elemento');
INSERT INTO "auth_permission" VALUES(35,9,'delete_elemento','Can delete elemento');
INSERT INTO "auth_permission" VALUES(36,9,'view_elemento','Can view elemento');
INSERT INTO "auth_permission" VALUES(37,10,'add_ficha','Can add ficha');
INSERT INTO "auth_permission" VALUES(38,10,'change_ficha','Can change ficha');
INSERT INTO "auth_permission" VALUES(39,10,'delete_ficha','Can delete ficha');
INSERT INTO "auth_permission" VALUES(40,10,'view_ficha','Can view ficha');
INSERT INTO "auth_permission" VALUES(41,11,'add_proveedor','Can add proveedor');
INSERT INTO "auth_permission" VALUES(42,11,'change_proveedor','Can change proveedor');
INSERT INTO "auth_permission" VALUES(43,11,'delete_proveedor','Can delete proveedor');
INSERT INTO "auth_permission" VALUES(44,11,'view_proveedor','Can view proveedor');
INSERT INTO "auth_permission" VALUES(45,12,'add_unidadmedida','Can add unidad medida');
INSERT INTO "auth_permission" VALUES(46,12,'change_unidadmedida','Can change unidad medida');
INSERT INTO "auth_permission" VALUES(47,12,'delete_unidadmedida','Can delete unidad medida');
INSERT INTO "auth_permission" VALUES(48,12,'view_unidadmedida','Can view unidad medida');
INSERT INTO "auth_permission" VALUES(49,13,'add_ubicacionfisica','Can add ubicacion fisica');
INSERT INTO "auth_permission" VALUES(50,13,'change_ubicacionfisica','Can change ubicacion fisica');
INSERT INTO "auth_permission" VALUES(51,13,'delete_ubicacionfisica','Can delete ubicacion fisica');
INSERT INTO "auth_permission" VALUES(52,13,'view_ubicacionfisica','Can view ubicacion fisica');
INSERT INTO "auth_permission" VALUES(53,14,'add_solicitudelemento','Can add solicitud elemento');
INSERT INTO "auth_permission" VALUES(54,14,'change_solicitudelemento','Can change solicitud elemento');
INSERT INTO "auth_permission" VALUES(55,14,'delete_solicitudelemento','Can delete solicitud elemento');
INSERT INTO "auth_permission" VALUES(56,14,'view_solicitudelemento','Can view solicitud elemento');
INSERT INTO "auth_permission" VALUES(57,15,'add_salidadetallesolicitud','Can add salida detalle solicitud');
INSERT INTO "auth_permission" VALUES(58,15,'change_salidadetallesolicitud','Can change salida detalle solicitud');
INSERT INTO "auth_permission" VALUES(59,15,'delete_salidadetallesolicitud','Can delete salida detalle solicitud');
INSERT INTO "auth_permission" VALUES(60,15,'view_salidadetallesolicitud','Can view salida detalle solicitud');
INSERT INTO "auth_permission" VALUES(61,16,'add_material','Can add material');
INSERT INTO "auth_permission" VALUES(62,16,'change_material','Can change material');
INSERT INTO "auth_permission" VALUES(63,16,'delete_material','Can delete material');
INSERT INTO "auth_permission" VALUES(64,16,'view_material','Can view material');
INSERT INTO "auth_permission" VALUES(65,17,'add_mantenimento','Can add mantenimento');
INSERT INTO "auth_permission" VALUES(66,17,'change_mantenimento','Can change mantenimento');
INSERT INTO "auth_permission" VALUES(67,17,'delete_mantenimento','Can delete mantenimento');
INSERT INTO "auth_permission" VALUES(68,17,'view_mantenimento','Can view mantenimento');
INSERT INTO "auth_permission" VALUES(69,18,'add_hojavidadevolutivo','Can add hoja vida devolutivo');
INSERT INTO "auth_permission" VALUES(70,18,'change_hojavidadevolutivo','Can change hoja vida devolutivo');
INSERT INTO "auth_permission" VALUES(71,18,'delete_hojavidadevolutivo','Can delete hoja vida devolutivo');
INSERT INTO "auth_permission" VALUES(72,18,'view_hojavidadevolutivo','Can view hoja vida devolutivo');
INSERT INTO "auth_permission" VALUES(73,19,'add_entradamaterial','Can add entrada material');
INSERT INTO "auth_permission" VALUES(74,19,'change_entradamaterial','Can change entrada material');
INSERT INTO "auth_permission" VALUES(75,19,'delete_entradamaterial','Can delete entrada material');
INSERT INTO "auth_permission" VALUES(76,19,'view_entradamaterial','Can view entrada material');
INSERT INTO "auth_permission" VALUES(77,20,'add_devolucionelemento','Can add devolucion elemento');
INSERT INTO "auth_permission" VALUES(78,20,'change_devolucionelemento','Can change devolucion elemento');
INSERT INTO "auth_permission" VALUES(79,20,'delete_devolucionelemento','Can delete devolucion elemento');
INSERT INTO "auth_permission" VALUES(80,20,'view_devolucionelemento','Can view devolucion elemento');
INSERT INTO "auth_permission" VALUES(81,21,'add_detalleentradamaterial','Can add detalle entrada material');
INSERT INTO "auth_permission" VALUES(82,21,'change_detalleentradamaterial','Can change detalle entrada material');
INSERT INTO "auth_permission" VALUES(83,21,'delete_detalleentradamaterial','Can delete detalle entrada material');
INSERT INTO "auth_permission" VALUES(84,21,'view_detalleentradamaterial','Can view detalle entrada material');
CREATE UNIQUE INDEX "django_content_type_app_label_model_76bd3d3b_uniq" ON "django_content_type" ("app_label", "model");
CREATE UNIQUE INDEX "auth_group_permissions_group_id_permission_id_0cd325b0_uniq" ON "auth_group_permissions" ("group_id", "permission_id");
CREATE INDEX IF NOT EXISTS "auth_group_permissions_group_id_b120cbf9" ON "auth_group_permissions" ("group_id");
CREATE INDEX IF NOT EXISTS "auth_group_permissions_permission_id_84c5c92e" ON "auth_group_permissions" ("permission_id");
CREATE UNIQUE INDEX "auth_permission_content_type_id_codename_01ab375a_uniq" ON "auth_permission" ("content_type_id", "codename");
CREATE INDEX IF NOT EXISTS "auth_permission_content_type_id_2f476e4b" ON "auth_permission" ("content_type_id");
CREATE UNIQUE INDEX "appGestionInventario_user_groups_user_id_group_id_84dd0188_uniq" ON "appGestionInventario_user_groups" ("user_id", "group_id");
CREATE INDEX IF NOT EXISTS "appGestionInventario_user_groups_user_id_8cf06a1f" ON "appGestionInventario_user_groups" ("user_id");
CREATE INDEX IF NOT EXISTS "appGestionInventario_user_groups_group_id_b9a16238" ON "appGestionInventario_user_groups" ("group_id");
CREATE UNIQUE INDEX "appGestionInventario_user_user_permissions_user_id_permission_id_63157aae_uniq" ON "appGestionInventario_user_user_permissions" ("user_id", "permission_id");
CREATE INDEX IF NOT EXISTS "appGestionInventario_user_user_permissions_user_id_cb412637" ON "appGestionInventario_user_user_permissions" ("user_id");
CREATE INDEX IF NOT EXISTS "appGestionInventario_user_user_permissions_permission_id_37a3a8c5" ON "appGestionInventario_user_user_permissions" ("permission_id");
CREATE INDEX IF NOT EXISTS "appGestionInventario_solicitudelemento_solFicha_id_a0b27756" ON "appGestionInventario_solicitudelemento" ("solFicha_id");
CREATE INDEX IF NOT EXISTS "appGestionInventario_solicitudelemento_solUsuario_id_72e8054b" ON "appGestionInventario_solicitudelemento" ("solUsuario_id");
CREATE INDEX IF NOT EXISTS "appGestionInventario_salidadetallesolicitud_salDetalleSolicitud_id_3983d06e" ON "appGestionInventario_salidadetallesolicitud" ("salDetalleSolicitud_id");
CREATE INDEX IF NOT EXISTS "appGestionInventario_material_matElemento_id_a0483d69" ON "appGestionInventario_material" ("matElemento_id");
CREATE INDEX IF NOT EXISTS "appGestionInventario_mantenimento_manElemento_id_fe8cdab4" ON "appGestionInventario_mantenimento" ("manElemento_id");
CREATE INDEX IF NOT EXISTS "appGestionInventario_mantenimento_manUsuario_id_7ba78625" ON "appGestionInventario_mantenimento" ("manUsuario_id");
CREATE INDEX IF NOT EXISTS "appGestionInventario_devolutivo_devElemento_id_d3dd6c96" ON "appGestionInventario_devolutivo" ("devElemento_id");
CREATE INDEX IF NOT EXISTS "appGestionInventario_devolucionelemento_devSalida_id_1a1b85f5" ON "appGestionInventario_devolucionelemento" ("devSalida_id");
CREATE INDEX IF NOT EXISTS "appGestionInventario_devolucionelemento_devUsuario_id_2810a484" ON "appGestionInventario_devolucionelemento" ("devUsuario_id");
CREATE INDEX IF NOT EXISTS "appGestionInventario_detallesolicitud_detElemento_id_c20b8c3f" ON "appGestionInventario_detallesolicitud" ("detElemento_id");
CREATE INDEX IF NOT EXISTS "appGestionInventario_detallesolicitud_detSolicitud_id_e2077e95" ON "appGestionInventario_detallesolicitud" ("detSolicitud_id");
CREATE INDEX IF NOT EXISTS "appGestionInventario_detallesolicitud_detUnidadMedida_id_7fd9c67a" ON "appGestionInventario_detallesolicitud" ("detUnidadMedida_id");
CREATE INDEX IF NOT EXISTS "appGestionInventario_detalleentradamaterial_detEntradaMaterial_id_b849c174" ON "appGestionInventario_detalleentradamaterial" ("detEntradaMaterial_id");
CREATE INDEX IF NOT EXISTS "appGestionInventario_detalleentradamaterial_detMaterial_id_b7da5470" ON "appGestionInventario_detalleentradamaterial" ("detMaterial_id");
CREATE INDEX IF NOT EXISTS "appGestionInventario_detalleentradamaterial_detUnidadMedida_id_a2b5a430" ON "appGestionInventario_detalleentradamaterial" ("detUnidadMedida_id");
CREATE INDEX IF NOT EXISTS "django_admin_log_content_type_id_c4bce8eb" ON "django_admin_log" ("content_type_id");
CREATE INDEX IF NOT EXISTS "django_admin_log_user_id_c564eba6" ON "django_admin_log" ("user_id");
CREATE INDEX IF NOT EXISTS "appGestionInventario_entradamaterial_entProveedor_id_ebe3f53d" ON "appGestionInventario_entradamaterial" ("entProveedor_id");
CREATE INDEX IF NOT EXISTS "appGestionInventario_entradamaterial_entUsuarioRecibe_id_a1347ef1" ON "appGestionInventario_entradamaterial" ("entUsuarioRecibe_id");
CREATE INDEX IF NOT EXISTS "appGestionInventario_ubicacionfisica_ubiElemento_id_2d2d9b6e" ON "appGestionInventario_ubicacionfisica" ("ubiElemento_id");
CREATE INDEX IF NOT EXISTS "django_session_expire_date_a5c62663" ON "django_session" ("expire_date");
CREATE TABLE IF NOT EXISTS "django_admin_log" ("id" integer NOT NULL PRIMARY KEY AUTOINCREMENT, "object_id" text NULL, "object_repr" varchar(200) NOT NULL, "action_flag" smallint unsigned NOT NULL CHECK ("action_flag" >= 0), "change_message" text NOT NULL, "content_type_id" integer NULL REFERENCES "django_content_type" ("id") DEFERRABLE INITIALLY DEFERRED, "user_id" bigint NOT NULL REFERENCES "appGestionInventario_user" ("id") DEFERRABLE INITIALLY DEFERRED, "action_time" datetime NOT NULL);
INSERT INTO "django_admin_log" VALUES(1,'1','Administrador',1,'[{"added": {}}]',3,1,'2023-10-05 17:03:24.983292');
INSERT INTO "django_admin_log" VALUES(2,'2','Instructor',1,'[{"added": {}}]',3,1,'2023-10-05 17:03:49.269382');
INSERT INTO "django_admin_log" VALUES(3,'3','Asistente',1,'[{"added": {}}]',3,1,'2023-10-05 17:04:12.719474');
INSERT INTO "django_admin_log" VALUES(4,'2','aguevaras@sena.edu.co',2,'[{"changed": {"fields": ["Superuser status", "Groups", "First name", "Last name", "UserFoto", "UserTipo"]}}]',6,1,'2023-10-05 17:06:22.893995');
INSERT INTO "django_admin_log" VALUES(5,'1','Kilogramo',1,'[{"added": {}}]',12,1,'2023-10-05 17:06:42.989046');
INSERT INTO "django_admin_log" VALUES(6,'2','M3',1,'[{"added": {}}]',12,1,'2023-10-05 17:06:47.570793');
INSERT INTO "django_admin_log" VALUES(7,'3','M2',1,'[{"added": {}}]',12,1,'2023-10-05 17:06:50.518078');
INSERT INTO "django_admin_log" VALUES(8,'4','Bulto',1,'[{"added": {}}]',12,1,'2023-10-05 17:06:56.213603');
INSERT INTO "django_admin_log" VALUES(9,'5','Rollo',1,'[{"added": {}}]',12,1,'2023-10-05 17:07:04.902641');
INSERT INTO "django_admin_log" VALUES(10,'1','SENA',1,'[{"added": {}}]',11,1,'2023-10-05 17:07:59.333424');
INSERT INTO "django_admin_log" VALUES(11,'1','Admin',2,'[{"changed": {"fields": ["First name", "Last name", "UserTipo"]}}]',6,2,'2023-10-05 17:13:48.411963');
INSERT INTO "django_admin_log" VALUES(12,'3','ccuellar@misena.edu.co',2,'[{"changed": {"fields": ["Username", "Email address"]}}]',6,2,'2023-10-05 18:11:21.763326');
INSERT INTO "django_admin_log" VALUES(13,'6','Caja',1,'[{"added": {}}]',12,2,'2023-10-05 18:22:39.184333');
CREATE UNIQUE INDEX "django_content_type_app_label_model_76bd3d3b_uniq" ON "django_content_type" ("app_label", "model");
CREATE UNIQUE INDEX "auth_group_permissions_group_id_permission_id_0cd325b0_uniq" ON "auth_group_permissions" ("group_id", "permission_id");
CREATE INDEX IF NOT EXISTS "auth_group_permissions_group_id_b120cbf9" ON "auth_group_permissions" ("group_id");
CREATE INDEX IF NOT EXISTS "auth_group_permissions_permission_id_84c5c92e" ON "auth_group_permissions" ("permission_id");
CREATE UNIQUE INDEX "auth_permission_content_type_id_codename_01ab375a_uniq" ON "auth_permission" ("content_type_id", "codename");
CREATE INDEX IF NOT EXISTS "auth_permission_content_type_id_2f476e4b" ON "auth_permission" ("content_type_id");
CREATE UNIQUE INDEX "appGestionInventario_user_groups_user_id_group_id_84dd0188_uniq" ON "appGestionInventario_user_groups" ("user_id", "group_id");
CREATE INDEX IF NOT EXISTS "appGestionInventario_user_groups_user_id_8cf06a1f" ON "appGestionInventario_user_groups" ("user_id");
CREATE INDEX IF NOT EXISTS "appGestionInventario_user_groups_group_id_b9a16238" ON "appGestionInventario_user_groups" ("group_id");
CREATE UNIQUE INDEX "appGestionInventario_user_user_permissions_user_id_permission_id_63157aae_uniq" ON "appGestionInventario_user_user_permissions" ("user_id", "permission_id");
CREATE INDEX IF NOT EXISTS "appGestionInventario_user_user_permissions_user_id_cb412637" ON "appGestionInventario_user_user_permissions" ("user_id");
CREATE INDEX IF NOT EXISTS "appGestionInventario_user_user_permissions_permission_id_37a3a8c5" ON "appGestionInventario_user_user_permissions" ("permission_id");
CREATE INDEX IF NOT EXISTS "appGestionInventario_solicitudelemento_solFicha_id_a0b27756" ON "appGestionInventario_solicitudelemento" ("solFicha_id");
CREATE INDEX IF NOT EXISTS "appGestionInventario_solicitudelemento_solUsuario_id_72e8054b" ON "appGestionInventario_solicitudelemento" ("solUsuario_id");
CREATE INDEX IF NOT EXISTS "appGestionInventario_salidadetallesolicitud_salDetalleSolicitud_id_3983d06e" ON "appGestionInventario_salidadetallesolicitud" ("salDetalleSolicitud_id");
CREATE INDEX IF NOT EXISTS "appGestionInventario_material_matElemento_id_a0483d69" ON "appGestionInventario_material" ("matElemento_id");
CREATE INDEX IF NOT EXISTS "appGestionInventario_mantenimento_manElemento_id_fe8cdab4" ON "appGestionInventario_mantenimento" ("manElemento_id");
CREATE INDEX IF NOT EXISTS "appGestionInventario_mantenimento_manUsuario_id_7ba78625" ON "appGestionInventario_mantenimento" ("manUsuario_id");
CREATE INDEX IF NOT EXISTS "appGestionInventario_devolutivo_devElemento_id_d3dd6c96" ON "appGestionInventario_devolutivo" ("devElemento_id");
CREATE INDEX IF NOT EXISTS "appGestionInventario_devolucionelemento_devSalida_id_1a1b85f5" ON "appGestionInventario_devolucionelemento" ("devSalida_id");
CREATE INDEX IF NOT EXISTS "appGestionInventario_devolucionelemento_devUsuario_id_2810a484" ON "appGestionInventario_devolucionelemento" ("devUsuario_id");
CREATE INDEX IF NOT EXISTS "appGestionInventario_detallesolicitud_detElemento_id_c20b8c3f" ON "appGestionInventario_detallesolicitud" ("detElemento_id");
CREATE INDEX IF NOT EXISTS "appGestionInventario_detallesolicitud_detSolicitud_id_e2077e95" ON "appGestionInventario_detallesolicitud" ("detSolicitud_id");
CREATE INDEX IF NOT EXISTS "appGestionInventario_detallesolicitud_detUnidadMedida_id_7fd9c67a" ON "appGestionInventario_detallesolicitud" ("detUnidadMedida_id");
CREATE INDEX IF NOT EXISTS "appGestionInventario_detalleentradamaterial_detEntradaMaterial_id_b849c174" ON "appGestionInventario_detalleentradamaterial" ("detEntradaMaterial_id");
CREATE INDEX IF NOT EXISTS "appGestionInventario_detalleentradamaterial_detMaterial_id_b7da5470" ON "appGestionInventario_detalleentradamaterial" ("detMaterial_id");
CREATE INDEX IF NOT EXISTS "appGestionInventario_detalleentradamaterial_detUnidadMedida_id_a2b5a430" ON "appGestionInventario_detalleentradamaterial" ("detUnidadMedida_id");
CREATE INDEX IF NOT EXISTS "django_admin_log_content_type_id_c4bce8eb" ON "django_admin_log" ("content_type_id");
CREATE INDEX IF NOT EXISTS "django_admin_log_user_id_c564eba6" ON "django_admin_log" ("user_id");
CREATE INDEX IF NOT EXISTS "appGestionInventario_entradamaterial_entProveedor_id_ebe3f53d" ON "appGestionInventario_entradamaterial" ("entProveedor_id");
CREATE INDEX IF NOT EXISTS "appGestionInventario_entradamaterial_entUsuarioRecibe_id_a1347ef1" ON "appGestionInventario_entradamaterial" ("entUsuarioRecibe_id");
CREATE INDEX IF NOT EXISTS "appGestionInventario_ubicacionfisica_ubiElemento_id_2d2d9b6e" ON "appGestionInventario_ubicacionfisica" ("ubiElemento_id");
CREATE INDEX IF NOT EXISTS "django_session_expire_date_a5c62663" ON "django_session" ("expire_date");
CREATE TABLE IF NOT EXISTS "django_content_type" ("id" integer NOT NULL PRIMARY KEY AUTOINCREMENT, "app_label" varchar(100) NOT NULL, "model" varchar(100) NOT NULL);
INSERT INTO "django_content_type" VALUES(1,'admin','logentry');
INSERT INTO "django_content_type" VALUES(2,'auth','permission');
INSERT INTO "django_content_type" VALUES(3,'auth','group');
INSERT INTO "django_content_type" VALUES(4,'contenttypes','contenttype');
INSERT INTO "django_content_type" VALUES(5,'sessions','session');
INSERT INTO "django_content_type" VALUES(6,'appGestionInventario','user');
INSERT INTO "django_content_type" VALUES(7,'appGestionInventario','detallesolicitud');
INSERT INTO "django_content_type" VALUES(8,'appGestionInventario','devolutivo');
INSERT INTO "django_content_type" VALUES(9,'appGestionInventario','elemento');
INSERT INTO "django_content_type" VALUES(10,'appGestionInventario','ficha');
INSERT INTO "django_content_type" VALUES(11,'appGestionInventario','proveedor');
INSERT INTO "django_content_type" VALUES(12,'appGestionInventario','unidadmedida');
INSERT INTO "django_content_type" VALUES(13,'appGestionInventario','ubicacionfisica');
INSERT INTO "django_content_type" VALUES(14,'appGestionInventario','solicitudelemento');
INSERT INTO "django_content_type" VALUES(15,'appGestionInventario','salidadetallesolicitud');
INSERT INTO "django_content_type" VALUES(16,'appGestionInventario','material');
INSERT INTO "django_content_type" VALUES(17,'appGestionInventario','mantenimento');
INSERT INTO "django_content_type" VALUES(18,'appGestionInventario','hojavidadevolutivo');
INSERT INTO "django_content_type" VALUES(19,'appGestionInventario','entradamaterial');
INSERT INTO "django_content_type" VALUES(20,'appGestionInventario','devolucionelemento');
INSERT INTO "django_content_type" VALUES(21,'appGestionInventario','detalleentradamaterial');
CREATE UNIQUE INDEX "django_content_type_app_label_model_76bd3d3b_uniq" ON "django_content_type" ("app_label", "model");
CREATE UNIQUE INDEX "auth_group_permissions_group_id_permission_id_0cd325b0_uniq" ON "auth_group_permissions" ("group_id", "permission_id");
CREATE INDEX IF NOT EXISTS "auth_group_permissions_group_id_b120cbf9" ON "auth_group_permissions" ("group_id");
CREATE INDEX IF NOT EXISTS "auth_group_permissions_permission_id_84c5c92e" ON "auth_group_permissions" ("permission_id");
CREATE UNIQUE INDEX "auth_permission_content_type_id_codename_01ab375a_uniq" ON "auth_permission" ("content_type_id", "codename");
CREATE INDEX IF NOT EXISTS "auth_permission_content_type_id_2f476e4b" ON "auth_permission" ("content_type_id");
CREATE UNIQUE INDEX "appGestionInventario_user_groups_user_id_group_id_84dd0188_uniq" ON "appGestionInventario_user_groups" ("user_id", "group_id");
CREATE INDEX IF NOT EXISTS "appGestionInventario_user_groups_user_id_8cf06a1f" ON "appGestionInventario_user_groups" ("user_id");
CREATE INDEX IF NOT EXISTS "appGestionInventario_user_groups_group_id_b9a16238" ON "appGestionInventario_user_groups" ("group_id");
CREATE UNIQUE INDEX "appGestionInventario_user_user_permissions_user_id_permission_id_63157aae_uniq" ON "appGestionInventario_user_user_permissions" ("user_id", "permission_id");
CREATE INDEX IF NOT EXISTS "appGestionInventario_user_user_permissions_user_id_cb412637" ON "appGestionInventario_user_user_permissions" ("user_id");
CREATE INDEX IF NOT EXISTS "appGestionInventario_user_user_permissions_permission_id_37a3a8c5" ON "appGestionInventario_user_user_permissions" ("permission_id");
CREATE INDEX IF NOT EXISTS "appGestionInventario_solicitudelemento_solFicha_id_a0b27756" ON "appGestionInventario_solicitudelemento" ("solFicha_id");
CREATE INDEX IF NOT EXISTS "appGestionInventario_solicitudelemento_solUsuario_id_72e8054b" ON "appGestionInventario_solicitudelemento" ("solUsuario_id");
CREATE INDEX IF NOT EXISTS "appGestionInventario_salidadetallesolicitud_salDetalleSolicitud_id_3983d06e" ON "appGestionInventario_salidadetallesolicitud" ("salDetalleSolicitud_id");
CREATE INDEX IF NOT EXISTS "appGestionInventario_material_matElemento_id_a0483d69" ON "appGestionInventario_material" ("matElemento_id");
CREATE INDEX IF NOT EXISTS "appGestionInventario_mantenimento_manElemento_id_fe8cdab4" ON "appGestionInventario_mantenimento" ("manElemento_id");
CREATE INDEX IF NOT EXISTS "appGestionInventario_mantenimento_manUsuario_id_7ba78625" ON "appGestionInventario_mantenimento" ("manUsuario_id");
CREATE INDEX IF NOT EXISTS "appGestionInventario_devolutivo_devElemento_id_d3dd6c96" ON "appGestionInventario_devolutivo" ("devElemento_id");
CREATE INDEX IF NOT EXISTS "appGestionInventario_devolucionelemento_devSalida_id_1a1b85f5" ON "appGestionInventario_devolucionelemento" ("devSalida_id");
CREATE INDEX IF NOT EXISTS "appGestionInventario_devolucionelemento_devUsuario_id_2810a484" ON "appGestionInventario_devolucionelemento" ("devUsuario_id");
CREATE INDEX IF NOT EXISTS "appGestionInventario_detallesolicitud_detElemento_id_c20b8c3f" ON "appGestionInventario_detallesolicitud" ("detElemento_id");
CREATE INDEX IF NOT EXISTS "appGestionInventario_detallesolicitud_detSolicitud_id_e2077e95" ON "appGestionInventario_detallesolicitud" ("detSolicitud_id");
CREATE INDEX IF NOT EXISTS "appGestionInventario_detallesolicitud_detUnidadMedida_id_7fd9c67a" ON "appGestionInventario_detallesolicitud" ("detUnidadMedida_id");
CREATE INDEX IF NOT EXISTS "appGestionInventario_detalleentradamaterial_detEntradaMaterial_id_b849c174" ON "appGestionInventario_detalleentradamaterial" ("detEntradaMaterial_id");
CREATE INDEX IF NOT EXISTS "appGestionInventario_detalleentradamaterial_detMaterial_id_b7da5470" ON "appGestionInventario_detalleentradamaterial" ("detMaterial_id");
CREATE INDEX IF NOT EXISTS "appGestionInventario_detalleentradamaterial_detUnidadMedida_id_a2b5a430" ON "appGestionInventario_detalleentradamaterial" ("detUnidadMedida_id");
CREATE INDEX IF NOT EXISTS "django_admin_log_content_type_id_c4bce8eb" ON "django_admin_log" ("content_type_id");
CREATE INDEX IF NOT EXISTS "django_admin_log_user_id_c564eba6" ON "django_admin_log" ("user_id");
CREATE INDEX IF NOT EXISTS "appGestionInventario_entradamaterial_entProveedor_id_ebe3f53d" ON "appGestionInventario_entradamaterial" ("entProveedor_id");
CREATE INDEX IF NOT EXISTS "appGestionInventario_entradamaterial_entUsuarioRecibe_id_a1347ef1" ON "appGestionInventario_entradamaterial" ("entUsuarioRecibe_id");
CREATE INDEX IF NOT EXISTS "appGestionInventario_ubicacionfisica_ubiElemento_id_2d2d9b6e" ON "appGestionInventario_ubicacionfisica" ("ubiElemento_id");
CREATE INDEX IF NOT EXISTS "django_session_expire_date_a5c62663" ON "django_session" ("expire_date");
CREATE TABLE IF NOT EXISTS "django_migrations" ("id" integer NOT NULL PRIMARY KEY AUTOINCREMENT, "app" varchar(255) NOT NULL, "name" varchar(255) NOT NULL, "applied" datetime NOT NULL);
INSERT INTO "django_migrations" VALUES(1,'contenttypes','0001_initial','2023-10-05 16:56:57.379524');
INSERT INTO "django_migrations" VALUES(2,'contenttypes','0002_remove_content_type_name','2023-10-05 16:56:57.455598');
INSERT INTO "django_migrations" VALUES(3,'auth','0001_initial','2023-10-05 16:56:57.586999');
INSERT INTO "django_migrations" VALUES(4,'auth','0002_alter_permission_name_max_length','2023-10-05 16:56:57.651795');
INSERT INTO "django_migrations" VALUES(5,'auth','0003_alter_user_email_max_length','2023-10-05 16:56:57.721711');
INSERT INTO "django_migrations" VALUES(6,'auth','0004_alter_user_username_opts','2023-10-05 16:56:57.805778');
INSERT INTO "django_migrations" VALUES(7,'auth','0005_alter_user_last_login_null','2023-10-05 16:56:57.877168');
INSERT INTO "django_migrations" VALUES(8,'auth','0006_require_contenttypes_0002','2023-10-05 16:56:57.941098');
INSERT INTO "django_migrations" VALUES(9,'auth','0007_alter_validators_add_error_messages','2023-10-05 16:56:58.051927');
INSERT INTO "django_migrations" VALUES(10,'auth','0008_alter_user_username_max_length','2023-10-05 16:56:58.119822');
INSERT INTO "django_migrations" VALUES(11,'auth','0009_alter_user_last_name_max_length','2023-10-05 16:56:58.186608');
INSERT INTO "django_migrations" VALUES(12,'auth','0010_alter_group_name_max_length','2023-10-05 16:56:58.245011');
INSERT INTO "django_migrations" VALUES(13,'auth','0011_update_proxy_permissions','2023-10-05 16:56:58.303863');
INSERT INTO "django_migrations" VALUES(14,'auth','0012_alter_user_first_name_max_length','2023-10-05 16:56:58.381210');
INSERT INTO "django_migrations" VALUES(15,'appGestionInventario','0001_initial','2023-10-05 16:56:58.615694');
INSERT INTO "django_migrations" VALUES(16,'admin','0001_initial','2023-10-05 16:56:58.790123');
INSERT INTO "django_migrations" VALUES(17,'admin','0002_logentry_remove_auto_add','2023-10-05 16:56:58.903373');
INSERT INTO "django_migrations" VALUES(18,'admin','0003_logentry_add_action_flag_choices','2023-10-05 16:56:58.978341');
INSERT INTO "django_migrations" VALUES(19,'appGestionInventario','0002_alter_entradamaterial_entfechahora_and_more','2023-10-05 16:56:59.089452');
INSERT INTO "django_migrations" VALUES(20,'sessions','0001_initial','2023-10-05 16:56:59.222436');
CREATE UNIQUE INDEX "django_content_type_app_label_model_76bd3d3b_uniq" ON "django_content_type" ("app_label", "model");
CREATE UNIQUE INDEX "auth_group_permissions_group_id_permission_id_0cd325b0_uniq" ON "auth_group_permissions" ("group_id", "permission_id");
CREATE INDEX IF NOT EXISTS "auth_group_permissions_group_id_b120cbf9" ON "auth_group_permissions" ("group_id");
CREATE INDEX IF NOT EXISTS "auth_group_permissions_permission_id_84c5c92e" ON "auth_group_permissions" ("permission_id");
CREATE UNIQUE INDEX "auth_permission_content_type_id_codename_01ab375a_uniq" ON "auth_permission" ("content_type_id", "codename");
CREATE INDEX IF NOT EXISTS "auth_permission_content_type_id_2f476e4b" ON "auth_permission" ("content_type_id");
CREATE UNIQUE INDEX "appGestionInventario_user_groups_user_id_group_id_84dd0188_uniq" ON "appGestionInventario_user_groups" ("user_id", "group_id");
CREATE INDEX IF NOT EXISTS "appGestionInventario_user_groups_user_id_8cf06a1f" ON "appGestionInventario_user_groups" ("user_id");
CREATE INDEX IF NOT EXISTS "appGestionInventario_user_groups_group_id_b9a16238" ON "appGestionInventario_user_groups" ("group_id");
CREATE UNIQUE INDEX "appGestionInventario_user_user_permissions_user_id_permission_id_63157aae_uniq" ON "appGestionInventario_user_user_permissions" ("user_id", "permission_id");
CREATE INDEX IF NOT EXISTS "appGestionInventario_user_user_permissions_user_id_cb412637" ON "appGestionInventario_user_user_permissions" ("user_id");
CREATE INDEX IF NOT EXISTS "appGestionInventario_user_user_permissions_permission_id_37a3a8c5" ON "appGestionInventario_user_user_permissions" ("permission_id");
CREATE INDEX IF NOT EXISTS "appGestionInventario_solicitudelemento_solFicha_id_a0b27756" ON "appGestionInventario_solicitudelemento" ("solFicha_id");
CREATE INDEX IF NOT EXISTS "appGestionInventario_solicitudelemento_solUsuario_id_72e8054b" ON "appGestionInventario_solicitudelemento" ("solUsuario_id");
CREATE INDEX IF NOT EXISTS "appGestionInventario_salidadetallesolicitud_salDetalleSolicitud_id_3983d06e" ON "appGestionInventario_salidadetallesolicitud" ("salDetalleSolicitud_id");
CREATE INDEX IF NOT EXISTS "appGestionInventario_material_matElemento_id_a0483d69" ON "appGestionInventario_material" ("matElemento_id");
CREATE INDEX IF NOT EXISTS "appGestionInventario_mantenimento_manElemento_id_fe8cdab4" ON "appGestionInventario_mantenimento" ("manElemento_id");
CREATE INDEX IF NOT EXISTS "appGestionInventario_mantenimento_manUsuario_id_7ba78625" ON "appGestionInventario_mantenimento" ("manUsuario_id");
CREATE INDEX IF NOT EXISTS "appGestionInventario_devolutivo_devElemento_id_d3dd6c96" ON "appGestionInventario_devolutivo" ("devElemento_id");
CREATE INDEX IF NOT EXISTS "appGestionInventario_devolucionelemento_devSalida_id_1a1b85f5" ON "appGestionInventario_devolucionelemento" ("devSalida_id");
CREATE INDEX IF NOT EXISTS "appGestionInventario_devolucionelemento_devUsuario_id_2810a484" ON "appGestionInventario_devolucionelemento" ("devUsuario_id");
CREATE INDEX IF NOT EXISTS "appGestionInventario_detallesolicitud_detElemento_id_c20b8c3f" ON "appGestionInventario_detallesolicitud" ("detElemento_id");
CREATE INDEX IF NOT EXISTS "appGestionInventario_detallesolicitud_detSolicitud_id_e2077e95" ON "appGestionInventario_detallesolicitud" ("detSolicitud_id");
CREATE INDEX IF NOT EXISTS "appGestionInventario_detallesolicitud_detUnidadMedida_id_7fd9c67a" ON "appGestionInventario_detallesolicitud" ("detUnidadMedida_id");
CREATE INDEX IF NOT EXISTS "appGestionInventario_detalleentradamaterial_detEntradaMaterial_id_b849c174" ON "appGestionInventario_detalleentradamaterial" ("detEntradaMaterial_id");
CREATE INDEX IF NOT EXISTS "appGestionInventario_detalleentradamaterial_detMaterial_id_b7da5470" ON "appGestionInventario_detalleentradamaterial" ("detMaterial_id");
CREATE INDEX IF NOT EXISTS "appGestionInventario_detalleentradamaterial_detUnidadMedida_id_a2b5a430" ON "appGestionInventario_detalleentradamaterial" ("detUnidadMedida_id");
CREATE INDEX IF NOT EXISTS "django_admin_log_content_type_id_c4bce8eb" ON "django_admin_log" ("content_type_id");
CREATE INDEX IF NOT EXISTS "django_admin_log_user_id_c564eba6" ON "django_admin_log" ("user_id");
CREATE INDEX IF NOT EXISTS "appGestionInventario_entradamaterial_entProveedor_id_ebe3f53d" ON "appGestionInventario_entradamaterial" ("entProveedor_id");
CREATE INDEX IF NOT EXISTS "appGestionInventario_entradamaterial_entUsuarioRecibe_id_a1347ef1" ON "appGestionInventario_entradamaterial" ("entUsuarioRecibe_id");
CREATE INDEX IF NOT EXISTS "appGestionInventario_ubicacionfisica_ubiElemento_id_2d2d9b6e" ON "appGestionInventario_ubicacionfisica" ("ubiElemento_id");
CREATE INDEX IF NOT EXISTS "django_session_expire_date_a5c62663" ON "django_session" ("expire_date");
CREATE TABLE IF NOT EXISTS "django_session" ("session_key" varchar(40) NOT NULL PRIMARY KEY, "session_data" text NOT NULL, "expire_date" datetime NOT NULL);
INSERT INTO "django_session" VALUES('85jsvwrrb7ihvtt4mxgm5t9vqhh4tl3f','.eJxVjDsOwjAQBe_iGlkbx19Kes5g7a5tHECOFCcV4u4QKQW0b2beS0Tc1hq3npc4JXEWSpx-N0J-5LaDdMd2myXPbV0mkrsiD9rldU75eTncv4OKvX5rb50DXWxm0OiCL3agogolUAMaPwZ2pJ2hoDXy6ENhY4EAvEVAhUG8P9SmN3g:1qoSwo:YDHd2Xe0CslNlGw68QXrZM8S1OEzXBajGnuC4kAfDuw','2023-10-19 18:19:42.400238');
CREATE UNIQUE INDEX "django_content_type_app_label_model_76bd3d3b_uniq" ON "django_content_type" ("app_label", "model");
CREATE UNIQUE INDEX "auth_group_permissions_group_id_permission_id_0cd325b0_uniq" ON "auth_group_permissions" ("group_id", "permission_id");
CREATE INDEX IF NOT EXISTS "auth_group_permissions_group_id_b120cbf9" ON "auth_group_permissions" ("group_id");
CREATE INDEX IF NOT EXISTS "auth_group_permissions_permission_id_84c5c92e" ON "auth_group_permissions" ("permission_id");
CREATE UNIQUE INDEX "auth_permission_content_type_id_codename_01ab375a_uniq" ON "auth_permission" ("content_type_id", "codename");
CREATE INDEX IF NOT EXISTS "auth_permission_content_type_id_2f476e4b" ON "auth_permission" ("content_type_id");
CREATE UNIQUE INDEX "appGestionInventario_user_groups_user_id_group_id_84dd0188_uniq" ON "appGestionInventario_user_groups" ("user_id", "group_id");
CREATE INDEX IF NOT EXISTS "appGestionInventario_user_groups_user_id_8cf06a1f" ON "appGestionInventario_user_groups" ("user_id");
CREATE INDEX IF NOT EXISTS "appGestionInventario_user_groups_group_id_b9a16238" ON "appGestionInventario_user_groups" ("group_id");
CREATE UNIQUE INDEX "appGestionInventario_user_user_permissions_user_id_permission_id_63157aae_uniq" ON "appGestionInventario_user_user_permissions" ("user_id", "permission_id");
CREATE INDEX IF NOT EXISTS "appGestionInventario_user_user_permissions_user_id_cb412637" ON "appGestionInventario_user_user_permissions" ("user_id");
CREATE INDEX IF NOT EXISTS "appGestionInventario_user_user_permissions_permission_id_37a3a8c5" ON "appGestionInventario_user_user_permissions" ("permission_id");
CREATE INDEX IF NOT EXISTS "appGestionInventario_solicitudelemento_solFicha_id_a0b27756" ON "appGestionInventario_solicitudelemento" ("solFicha_id");
CREATE INDEX IF NOT EXISTS "appGestionInventario_solicitudelemento_solUsuario_id_72e8054b" ON "appGestionInventario_solicitudelemento" ("solUsuario_id");
CREATE INDEX IF NOT EXISTS "appGestionInventario_salidadetallesolicitud_salDetalleSolicitud_id_3983d06e" ON "appGestionInventario_salidadetallesolicitud" ("salDetalleSolicitud_id");
CREATE INDEX IF NOT EXISTS "appGestionInventario_material_matElemento_id_a0483d69" ON "appGestionInventario_material" ("matElemento_id");
CREATE INDEX IF NOT EXISTS "appGestionInventario_mantenimento_manElemento_id_fe8cdab4" ON "appGestionInventario_mantenimento" ("manElemento_id");
CREATE INDEX IF NOT EXISTS "appGestionInventario_mantenimento_manUsuario_id_7ba78625" ON "appGestionInventario_mantenimento" ("manUsuario_id");
CREATE INDEX IF NOT EXISTS "appGestionInventario_devolutivo_devElemento_id_d3dd6c96" ON "appGestionInventario_devolutivo" ("devElemento_id");
CREATE INDEX IF NOT EXISTS "appGestionInventario_devolucionelemento_devSalida_id_1a1b85f5" ON "appGestionInventario_devolucionelemento" ("devSalida_id");
CREATE INDEX IF NOT EXISTS "appGestionInventario_devolucionelemento_devUsuario_id_2810a484" ON "appGestionInventario_devolucionelemento" ("devUsuario_id");
CREATE INDEX IF NOT EXISTS "appGestionInventario_detallesolicitud_detElemento_id_c20b8c3f" ON "appGestionInventario_detallesolicitud" ("detElemento_id");
CREATE INDEX IF NOT EXISTS "appGestionInventario_detallesolicitud_detSolicitud_id_e2077e95" ON "appGestionInventario_detallesolicitud" ("detSolicitud_id");
CREATE INDEX IF NOT EXISTS "appGestionInventario_detallesolicitud_detUnidadMedida_id_7fd9c67a" ON "appGestionInventario_detallesolicitud" ("detUnidadMedida_id");
CREATE INDEX IF NOT EXISTS "appGestionInventario_detalleentradamaterial_detEntradaMaterial_id_b849c174" ON "appGestionInventario_detalleentradamaterial" ("detEntradaMaterial_id");
CREATE INDEX IF NOT EXISTS "appGestionInventario_detalleentradamaterial_detMaterial_id_b7da5470" ON "appGestionInventario_detalleentradamaterial" ("detMaterial_id");
CREATE INDEX IF NOT EXISTS "appGestionInventario_detalleentradamaterial_detUnidadMedida_id_a2b5a430" ON "appGestionInventario_detalleentradamaterial" ("detUnidadMedida_id");
CREATE INDEX IF NOT EXISTS "django_admin_log_content_type_id_c4bce8eb" ON "django_admin_log" ("content_type_id");
CREATE INDEX IF NOT EXISTS "django_admin_log_user_id_c564eba6" ON "django_admin_log" ("user_id");
CREATE INDEX IF NOT EXISTS "appGestionInventario_entradamaterial_entProveedor_id_ebe3f53d" ON "appGestionInventario_entradamaterial" ("entProveedor_id");
CREATE INDEX IF NOT EXISTS "appGestionInventario_entradamaterial_entUsuarioRecibe_id_a1347ef1" ON "appGestionInventario_entradamaterial" ("entUsuarioRecibe_id");
CREATE INDEX IF NOT EXISTS "appGestionInventario_ubicacionfisica_ubiElemento_id_2d2d9b6e" ON "appGestionInventario_ubicacionfisica" ("ubiElemento_id");
CREATE INDEX IF NOT EXISTS "django_session_expire_date_a5c62663" ON "django_session" ("expire_date");
